BLE,1656355474800733010,57:39:E4:32:C8:AE,-89
BLE,1656355474818306202,47:60:5B:63:05:4D,-74
BLE,1656355474819803694,2B:E8:F0:BE:6B:54,-72
BLE,1656355474833228156,10:39:17:26:28:4D,-73
BLE,1656355474859059378,C0:F8:BB:9D:12:93,-64
BLE,1656355474866458247,63:D2:C2:21:FA:87,-81
BLE,1656355474907876212,C0:F8:BB:9D:12:93,-66
BLE,1656355474915516120,60:BB:16:11:F4:A2,-83
BLE,1656355474920790208,2B:E8:F0:BE:6B:54,-67
BLE,1656355474953334000,04:4D:44:40:9D:4E,-87
BLE,1656355474956265860,C0:F8:BB:9D:12:93,-71
BLE,1656355474962892909,10:39:17:26:28:4D,-72
BLE,1656355475010338916,C0:F8:BB:9D:12:93,-47
BLE,1656355475016575915,68:ED:AF:4B:54:1E,-67
BLE,1656355475026741645,47:60:5B:63:05:4D,-57
BLE,1656355475061233656,C0:F8:BB:9D:12:93,-51
BLE,1656355475062806252,3C:5E:A8:97:4D:43,-77
BLE,1656355475089909082,10:39:17:26:28:4D,-58
BLE,1656355475115310722,C8:69:CD:61:6F:2C,-69
BLE,1656355475131695638,2B:E8:F0:BE:6B:54,-44
BLE,1656355475135969992,47:60:5B:63:05:4D,-56
BLE,1656355475159108884,C0:F8:BB:9D:12:93,-51
BLE,1656355475173609695,57:39:E4:32:C8:AE,-78
BLE,1656355475175323540,D0:03:DF:C9:BE:CF,-69
BLE,1656355475177240353,38:01:E8:6A:13:C0,-76
BLE,1656355475209982061,C0:F8:BB:9D:12:93,-51
BLE,1656355475221128826,10:39:17:26:28:4D,-62
BLE,1656355475237878636,2B:E8:F0:BE:6B:54,-50
BLE,1656355475271464246,68:ED:AF:4B:54:1E,-78
BLE,1656355475296462763,C8:69:CD:61:6F:2C,-69
BLE,1656355475308137339,C0:F8:BB:9D:12:93,-51
BLE,1656355475318838430,04:4D:44:40:9D:4E,-69
BLE,1656355475344556215,2B:E8:F0:BE:6B:54,-49
BLE,1656355475374880799,43:1A:7B:DE:EC:DA,-66
BLE,1656355475401039259,0A:78:2F:16:8B:F1,-76
BLE,1656355475407350373,C0:F8:BB:9D:12:93,-54
BLE,1656355475451061295,2B:E8:F0:BE:6B:54,-52
BLE,1656355475454082998,47:60:5B:63:05:4D,-55
BLE,1656355475481638847,10:39:17:26:28:4D,-58
BLE,1656355475499911149,04:4D:44:40:9D:4E,-70
BLE,1656355475511106039,C0:F8:BB:9D:12:93,-51
BLE,1656355475551527239,2B:E8:F0:BE:6B:54,-50
BLE,1656355475556411120,47:60:5B:63:05:4D,-58
BLE,1656355475559849748,C0:F8:BB:9D:12:93,-51
BLE,1656355475608612259,10:39:17:26:28:4D,-58
BLE,1656355475656666596,C0:F8:BB:9D:12:93,-57
BLE,1656355475662736930,47:60:5B:63:05:4D,-57
BLE,1656355475687028680,63:D2:C2:21:FA:87,-59
BLE,1656355475694242237,40:CB:C0:CB:7F:B6,-76
BLE,1656355475709800491,C0:F8:BB:9D:12:93,-68
BLE,1656355475758994301,2B:E8:F0:BE:6B:54,-49
BLE,1656355475760809552,C0:F8:BB:9D:12:93,-52
BLE,1656355475767864568,47:60:5B:63:05:4D,-72
BLE,1656355475791343875,68:ED:AF:4B:54:1E,-71
BLE,1656355475858995508,C0:F8:BB:9D:12:93,-54
BLE,1656355475863416735,2B:E8:F0:BE:6B:54,-54
BLE,1656355475869555975,04:4D:44:40:9D:4E,-72
BLE,1656355475874035796,47:60:5B:63:05:4D,-57
BLE,1656355475874976832,10:39:17:26:28:4D,-64
BLE,1656355475894100172,3C:5E:A8:97:4D:43,-78
BLE,1656355475906116829,C0:F8:BB:9D:12:93,-53
BLE,1656355475918699108,38:01:E8:6A:13:C0,-80
BLE,1656355475937600991,60:BB:16:11:F4:A2,-79
BLE,1656355475958152448,C0:F8:BB:9D:12:93,-53
BLE,1656355475960394885,63:D2:C2:21:FA:87,-63
BLE,1656355475978335261,47:60:5B:63:05:4D,-58
BLE,1656355476009895464,10:39:17:26:28:4D,-66
BLE,1656355476050873015,04:4D:44:40:9D:4E,-72
BLE,1656355476052962796,68:ED:AF:4B:54:1E,-79
BLE,1656355476059307711,C0:F8:BB:9D:12:93,-52
BLE,1656355476084118366,47:60:5B:63:05:4D,-57
BLE,1656355476095452318,D0:03:DF:C9:BE:CF,-68
BLE,1656355476104274721,38:01:E8:6A:13:C0,-78
BLE,1656355476107308611,C0:F8:BB:9D:12:93,-52
BLE,1656355476144240714,10:39:17:26:28:4D,-63
BLE,1656355476156960024,C0:F8:BB:9D:12:93,-52
BLE,1656355476180914797,2B:E8:F0:BE:6B:54,-56
BLE,1656355476192861663,47:60:5B:63:05:4D,-57
BLE,1656355476196489821,60:BB:16:11:F4:A2,-73
BLE,1656355476210376990,C0:F8:BB:9D:12:93,-51
BLE,1656355476215223892,C8:69:CD:61:6F:2C,-71
BLE,1656355476231126832,63:D2:C2:21:FA:87,-60
BLE,1656355476275506969,10:39:17:26:28:4D,-66
BLE,1656355476291788708,38:01:E8:6A:13:C0,-79
BLE,1656355476300283144,47:60:5B:63:05:4D,-56
BLE,1656355476308145083,C0:F8:BB:9D:12:93,-50
BLE,1656355476357570403,C0:F8:BB:9D:12:93,-52
BLE,1656355476384658181,2B:E8:F0:BE:6B:54,-56
BLE,1656355476399620969,47:60:5B:63:05:4D,-73
BLE,1656355476404193185,10:39:17:26:28:4D,-71
BLE,1656355476410917369,C0:F8:BB:9D:12:93,-50
BLE,1656355476417696241,04:4D:44:40:9D:4E,-71
BLE,1656355476432779809,40:CB:C0:CB:7F:B6,-75
BLE,1656355476460637740,C0:F8:BB:9D:12:93,-50
BLE,1656355476482413253,57:39:E4:32:C8:AE,-76
BLE,1656355476487078490,38:01:E8:6A:13:C0,-79
BLE,1656355476489869465,2B:E8:F0:BE:6B:54,-52
BLE,1656355476505337823,63:D2:C2:21:FA:87,-60
BLE,1656355476508150361,C0:F8:BB:9D:12:93,-51
BLE,1656355476527778802,3C:5E:A8:97:4D:43,-79
BLE,1656355476539992854,10:39:17:26:28:4D,-57
BLE,1656355476557826513,C0:F8:BB:9D:12:93,-50
BLE,1656355476570919467,68:ED:AF:4B:54:1E,-77
BLE,1656355476595917776,2B:E8:F0:BE:6B:54,-50
BLE,1656355476602546232,04:4D:44:40:9D:4E,-70
BLE,1656355476609273749,C0:F8:BB:9D:12:93,-69
BLE,1656355476659642085,C0:F8:BB:9D:12:93,-49
BLE,1656355476662825298,57:39:E4:32:C8:AE,-78
BLE,1656355476671287390,10:39:17:26:28:4D,-58
BLE,1656355476672496707,10:39:17:26:28:4D,-58
BLE,1656355476707648506,C0:F8:BB:9D:12:93,-50
BLE,1656355476720503128,47:60:5B:63:05:4D,-58
BLE,1656355476759016212,C0:F8:BB:9D:12:93,-51
BLE,1656355476779122307,63:D2:C2:21:FA:87,-66
BLE,1656355476806219095,2B:E8:F0:BE:6B:54,-50
BLE,1656355476823408799,47:60:5B:63:05:4D,-57
BLE,1656355476856968679,C0:F8:BB:9D:12:93,-54
BLE,1656355476914360104,2B:E8:F0:BE:6B:54,-51
BLE,1656355476935001977,10:39:17:26:28:4D,-58
BLE,1656355476954572710,C8:69:CD:61:6F:2C,-72
BLE,1656355476957576028,C0:F8:BB:9D:12:93,-52
BLE,1656355477006893172,C0:F8:BB:9D:12:93,-52
BLE,1656355477018411654,2B:E8:F0:BE:6B:54,-49
BLE,1656355477034606780,47:60:5B:63:05:4D,-58
BLE,1656355477109642125,C0:F8:BB:9D:12:93,-48
BLE,1656355477139100463,C8:69:CD:61:6F:2C,-70
BLE,1656355477157881825,C0:F8:BB:9D:12:93,-48
BLE,1656355477188768438,10:39:17:26:28:4D,-73
BLE,1656355477223856852,38:01:E8:6A:13:C0,-91
BLE,1656355477236682880,2B:E8:F0:BE:6B:54,-72
BLE,1656355477243210295,47:60:5B:63:05:4D,-74
BLE,1656355477309988286,C0:F8:BB:9D:12:93,-66
BLE,1656355477319992037,10:39:17:26:28:4D,-74
BLE,1656355477321465154,C8:69:CD:61:6F:2C,-82
BLE,1656355477340226725,04:4D:44:40:9D:4E,-81
BLE,1656355477342160725,47:60:5B:63:05:4D,-71
BLE,1656355477359367148,C0:F8:BB:9D:12:93,-65
BLE,1656355477412982030,38:01:E8:6A:13:C0,-90
BLE,1656355477427473362,43:1A:7B:DE:EC:DA,-84
BLE,1656355477443462082,2B:E8:F0:BE:6B:54,-72
BLE,1656355477448261953,47:60:5B:63:05:4D,-76
BLE,1656355477453735623,10:39:17:26:28:4D,-58
BLE,1656355477458210027,C0:F8:BB:9D:12:93,-69
BLE,1656355477470437725,3C:5E:A8:97:4D:43,-92
BLE,1656355477479457783,60:BB:16:11:F4:A2,-83
BLE,1656355477495520096,D0:03:DF:C9:BE:CF,-83
BLE,1656355477508993309,C0:F8:BB:9D:12:93,-72
BLE,1656355477523947138,04:4D:44:40:9D:4E,-82
BLE,1656355477547376810,2B:E8:F0:BE:6B:54,-69
BLE,1656355477559488363,C0:F8:BB:9D:12:93,-66
BLE,1656355477581220855,10:39:17:26:28:4D,-79
BLE,1656355477649094362,2B:E8:F0:BE:6B:54,-65
BLE,1656355477655936775,C0:F8:BB:9D:12:93,-54
BLE,1656355477665360008,47:60:5B:63:05:4D,-73
BLE,1656355477690690712,C8:69:CD:61:6F:2C,-84
BLE,1656355477705033138,04:4D:44:40:9D:4E,-82
BLE,1656355477707470834,C0:F8:BB:9D:12:93,-72
BLE,1656355477715595532,10:39:17:26:28:4D,-79
BLE,1656355477742985392,60:BB:16:11:F4:A2,-88
BLE,1656355477755970377,2B:E8:F0:BE:6B:54,-72
BLE,1656355477757791930,C0:F8:BB:9D:12:93,-73
BLE,1656355477784599918,0A:78:2F:16:8B:F1,-87
BLE,1656355477828256726,12:19:55:54:CB:13,-84
BLE,1656355477839890000,10:39:17:26:28:4D,-73
BLE,1656355477854910964,68:ED:AF:4B:54:1E,-90
BLE,1656355477861192338,2B:E8:F0:BE:6B:54,-53
BLE,1656355477874485916,47:60:5B:63:05:4D,-74
BLE,1656355477905974870,C0:F8:BB:9D:12:93,-69
BLE,1656355477960023864,C0:F8:BB:9D:12:93,-72
BLE,1656355477966071593,0A:78:2F:16:8B:F1,-87
BLE,1656355477974657330,57:39:E4:32:C8:AE,-91
BLE,1656355477982125417,47:60:5B:63:05:4D,-74
BLE,1656355478010512928,C0:F8:BB:9D:12:93,-65
BLE,1656355478077868573,2B:E8:F0:BE:6B:54,-65
BLE,1656355478078388257,40:CB:C0:CB:7F:B6,-88
BLE,1656355478090356529,47:60:5B:63:05:4D,-73
BLE,1656355478091301681,D0:03:DF:C9:BE:CF,-97
BLE,1656355478109358515,C0:F8:BB:9D:12:93,-68
BLE,1656355478147112749,0A:78:2F:16:8B:F1,-87
BLE,1656355478151618664,63:D2:C2:21:FA:87,-76
BLE,1656355478164679066,43:1A:7B:DE:EC:DA,-83
BLE,1656355478180963201,2B:E8:F0:BE:6B:54,-71
BLE,1656355478195407866,47:60:5B:63:05:4D,-71
BLE,1656355478210681538,C0:F8:BB:9D:12:93,-65
BLE,1656355478214012615,3C:5E:A8:97:4D:43,-91
BLE,1656355478236605416,77:D3:E3:71:84:1F,-91
BLE,1656355478238796551,10:39:17:26:28:4D,-79
BLE,1656355478254581938,04:4D:44:40:9D:4E,-85
BLE,1656355478260591022,60:BB:16:11:F4:A2,-91
BLE,1656355478286219433,2B:E8:F0:BE:6B:54,-69
BLE,1656355478309008691,C0:F8:BB:9D:12:93,-68
BLE,1656355478345460223,57:39:E4:32:C8:AE,-91
BLE,1656355478348886560,43:1A:7B:DE:EC:DA,-83
BLE,1656355478356226105,C0:F8:BB:9D:12:93,-67
BLE,1656355478370114784,10:39:17:26:28:4D,-79
BLE,1656355478394130026,2B:E8:F0:BE:6B:54,-64
BLE,1656355478399689997,47:60:5B:63:05:4D,-71
BLE,1656355478409865154,C0:F8:BB:9D:12:93,-72
BLE,1656355478415531843,D0:03:DF:C9:BE:CF,-82
BLE,1656355478422745400,C8:69:CD:61:6F:2C,-81
BLE,1656355478435835385,04:4D:44:40:9D:4E,-87
BLE,1656355478458195271,C0:F8:BB:9D:12:93,-66
BLE,1656355478495560965,2B:E8:F0:BE:6B:54,-71
BLE,1656355478515103625,60:BB:16:11:F4:A2,-84
BLE,1656355478526267839,38:01:E8:6A:13:C0,-92
BLE,1656355478535122012,01:BC:1D:2E:7E:CA,-97
BLE,1656355478553603168,D0:03:DF:C9:BE:CF,-83
BLE,1656355478557201951,C0:F8:BB:9D:12:93,-69
BLE,1656355478600002722,2B:E8:F0:BE:6B:54,-69
BLE,1656355478610351002,C0:F8:BB:9D:12:93,-72
BLE,1656355478619574913,04:4D:44:40:9D:4E,-85
BLE,1656355478638781533,EB:D0:D7:6B:B4:B6,-89
BLE,1656355478642597972,3C:5E:A8:97:4D:43,-92
BLE,1656355478656860608,C0:F8:BB:9D:12:93,-72
BLE,1656355478700125438,63:D2:C2:21:FA:87,-76
BLE,1656355478700944392,2B:E8:F0:BE:6B:54,-71
BLE,1656355478709986221,C0:F8:BB:9D:12:93,-66
BLE,1656355478713418807,47:60:5B:63:05:4D,-71
BLE,1656355478716735770,38:01:E8:6A:13:C0,-91
BLE,1656355478748919615,10:39:17:26:28:4D,-74
BLE,1656355478777101033,12:19:55:54:CB:13,-84
BLE,1656355478804017302,04:4D:44:40:9D:4E,-83
BLE,1656355478822638196,47:60:5B:63:05:4D,-74
BLE,1656355478858993374,C0:F8:BB:9D:12:93,-72
BLE,1656355478909059056,C0:F8:BB:9D:12:93,-66
BLE,1656355478986671627,04:4D:44:40:9D:4E,-83
BLE,1656355478998576931,40:CB:C0:CB:7F:B6,-88
BLE,1656355479009397656,C0:F8:BB:9D:12:93,-69
BLE,1656355479012958211,2B:E8:F0:BE:6B:54,-71
BLE,1656355479029699219,47:60:5B:63:05:4D,-71
BLE,1656355479044660601,D0:03:DF:C9:BE:CF,-82
BLE,1656355479058012668,C0:F8:BB:9D:12:93,-72
BLE,1656355479091293643,38:01:E8:6A:13:C0,-77
BLE,1656355479108167776,C0:F8:BB:9D:12:93,-73
BLE,1656355479120011829,2B:E8:F0:BE:6B:54,-68
BLE,1656355479137004190,47:60:5B:63:05:4D,-75
BLE,1656355479143797801,68:ED:AF:4B:54:1E,-84
BLE,1656355479144904827,10:39:17:26:28:4D,-74
BLE,1656355479179712461,40:CB:C0:CB:7F:B6,-87
BLE,1656355479246747587,47:60:5B:63:05:4D,-74
BLE,1656355479252897139,63:D2:C2:21:FA:87,-76
BLE,1656355479260546787,C0:F8:BB:9D:12:93,-72
BLE,1656355479268943567,3C:5E:A8:97:4D:43,-91
BLE,1656355479272465892,38:01:E8:6A:13:C0,-90
BLE,1656355479280635121,60:BB:16:11:F4:A2,-84
BLE,1656355479307518786,C0:F8:BB:9D:12:93,-72
BLE,1656355479335410206,2B:E8:F0:BE:6B:54,-65
BLE,1656355479338401805,12:19:55:54:CB:13,-83
BLE,1656355479340113723,77:D3:E3:71:84:1F,-93
BLE,1656355479345288176,C8:69:CD:61:6F:2C,-84
BLE,1656355479351657102,47:60:5B:63:05:4D,-73
BLE,1656355479358376182,04:4D:44:40:9D:4E,-87
BLE,1656355479360112006,C0:F8:BB:9D:12:93,-65
BLE,1656355479362147517,40:CB:C0:CB:7F:B6,-87
BLE,1656355479404485425,68:ED:AF:4B:54:1E,-89
BLE,1656355479408504050,C0:F8:BB:9D:12:93,-65
BLE,1656355479439746963,2B:E8:F0:BE:6B:54,-71
BLE,1656355479458233379,C0:F8:BB:9D:12:93,-67
BLE,1656355479460384826,47:60:5B:63:05:4D,-72
BLE,1656355479472917626,43:1A:7B:DE:EC:DA,-84
BLE,1656355479507273492,C0:F8:BB:9D:12:93,-72
BLE,1656355479524157624,63:D2:C2:21:FA:87,-75
BLE,1656355479527611825,C8:69:CD:61:6F:2C,-81
BLE,1656355479545586785,2B:E8:F0:BE:6B:54,-69
BLE,1656355479560054836,C0:F8:BB:9D:12:93,-66
BLE,1656355479565170591,47:60:5B:63:05:4D,-74
BLE,1656355479608385995,0A:78:2F:16:8B:F1,-88
BLE,1656355479610008539,C0:F8:BB:9D:12:93,-65
BLE,1656355479647920793,2B:E8:F0:BE:6B:54,-70
BLE,1656355479666647103,47:60:5B:63:05:4D,-72
BLE,1656355479674239095,10:39:17:26:28:4D,-79
BLE,1656355479697896995,C5:84:80:5C:C2:6D,-92
BLE,1656355479706337212,C0:F8:BB:9D:12:93,-52
BLE,1656355479710702659,C8:69:CD:61:6F:2C,-83
BLE,1656355479725330500,04:4D:44:40:9D:4E,-83
BLE,1656355479756695600,2B:E8:F0:BE:6B:54,-71
BLE,1656355479759159598,C0:F8:BB:9D:12:93,-71
BLE,1656355479767012474,47:60:5B:63:05:4D,-74
BLE,1656355479794271293,60:BB:16:11:F4:A2,-85
BLE,1656355479799657411,63:D2:C2:21:FA:87,-75
BLE,1656355479801766359,10:39:17:26:28:4D,-74
BLE,1656355479809222779,C0:F8:BB:9D:12:93,-49
BLE,1656355479872831516,47:60:5B:63:05:4D,-73
BLE,1656355479906267126,C0:F8:BB:9D:12:93,-67
BLE,1656355479924327138,68:ED:AF:4B:54:1E,-88
BLE,1656355479931210071,10:39:17:26:28:4D,-73
BLE,1656355479958905710,C0:F8:BB:9D:12:93,-71
BLE,1656355479969150918,2B:E8:F0:BE:6B:54,-65
BLE,1656355480008398009,C0:F8:BB:9D:12:93,-72
BLE,1656355480061227895,C0:F8:BB:9D:12:93,-66
BLE,1656355480062476795,10:39:17:26:28:4D,-73
BLE,1656355480073857986,63:D2:C2:21:FA:87,-76
BLE,1656355480076211985,2B:E8:F0:BE:6B:54,-71
BLE,1656355480105017514,3C:5E:A8:97:4D:43,-90
BLE,1656355480156748551,C0:F8:BB:9D:12:93,-69
BLE,1656355480171408841,77:D3:E3:71:84:1F,-93
BLE,1656355480194261068,10:39:17:26:28:4D,-79
BLE,1656355480200525358,38:01:E8:6A:13:C0,-90
BLE,1656355480208772712,C0:F8:BB:9D:12:93,-72
BLE,1656355480218693651,43:1A:7B:DE:EC:DA,-67
BLE,1656355480259251829,C8:69:CD:61:6F:2C,-84
BLE,1656355480278719854,2B:E8:F0:BE:6B:54,-71
BLE,1656355480310035943,60:BB:16:11:F4:A2,-86
BLE,1656355480323064106,10:39:17:26:28:4D,-59
BLE,1656355480351822917,63:D2:C2:21:FA:87,-80
BLE,1656355480356548622,C0:F8:BB:9D:12:93,-67
BLE,1656355480388406428,47:60:5B:63:05:4D,-73
BLE,1656355480406219357,C0:F8:BB:9D:12:93,-68
BLE,1656355480407838932,43:1A:7B:DE:EC:DA,-99
BLE,1656355480443609322,C8:69:CD:61:6F:2C,-69
BLE,1656355480445474625,68:ED:AF:4B:54:1E,-72
BLE,1656355480453005107,10:39:17:26:28:4D,-57
BLE,1656355480457955446,C0:F8:BB:9D:12:93,-56
BLE,1656355480460870067,04:4D:44:40:9D:4E,-75
BLE,1656355480487927741,2B:E8:F0:BE:6B:54,-54
BLE,1656355480497923367,47:60:5B:63:05:4D,-58
BLE,1656355480508444667,C0:F8:BB:9D:12:93,-49
BLE,1656355480573210325,60:BB:16:11:F4:A2,-76
BLE,1656355480577507751,38:01:E8:6A:13:C0,-78
BLE,1656355480584912557,10:39:17:26:28:4D,-59
BLE,1656355480597771918,43:1A:7B:DE:EC:DA,-68
BLE,1656355480608805403,C0:F8:BB:9D:12:93,-52
BLE,1656355480644671469,12:19:55:54:CB:13,-67
BLE,1656355480707129899,0A:78:2F:16:8B:F1,-71
BLE,1656355480709278951,C0:F8:BB:9D:12:93,-49
BLE,1656355480714957724,10:39:17:26:28:4D,-58
BLE,1656355480755292517,38:01:E8:6A:13:C0,-76
BLE,1656355480780115359,43:1A:7B:DE:EC:DA,-67
BLE,1656355480800586348,2B:E8:F0:BE:6B:54,-48
BLE,1656355480802681910,47:60:5B:63:05:4D,-58
BLE,1656355480830280050,04:4D:44:40:9D:4E,-71
BLE,1656355480846542519,10:39:17:26:28:4D,-65
BLE,1656355480888455325,0A:78:2F:16:8B:F1,-73
BLE,1656355480899331623,38:01:E8:6A:13:C0,-79
BLE,1656355480906029714,2B:E8:F0:BE:6B:54,-56
BLE,1656355480910072506,C0:F8:BB:9D:12:93,-49
BLE,1656355480955948886,12:19:55:54:CB:13,-71
BLE,1656355480957811897,C0:F8:BB:9D:12:93,-49
BLE,1656355480967040131,68:ED:AF:4B:54:1E,-72
BLE,1656355480973034736,10:39:17:26:28:4D,-59
BLE,1656355480993819265,C8:69:CD:61:6F:2C,-74
BLE,1656355481002497449,77:D3:E3:71:84:1F,-76
BLE,1656355481008769917,2B:E8:F0:BE:6B:54,-52
BLE,1656355481012915886,47:60:5B:63:05:4D,-54
BLE,1656355481025943215,12:19:55:54:CB:13,-71
BLE,1656355481055948061,C0:F8:BB:9D:12:93,-53
BLE,1656355481070851630,0A:78:2F:16:8B:F1,-75
BLE,1656355481092588446,60:BB:16:11:F4:A2,-76
BLE,1656355481102386469,10:39:17:26:28:4D,-58
BLE,1656355481107471078,C0:F8:BB:9D:12:93,-56
BLE,1656355481114204794,2B:E8:F0:BE:6B:54,-47
BLE,1656355481158616858,C0:F8:BB:9D:12:93,-49
BLE,1656355481160120392,3C:5E:A8:97:4D:43,-80
BLE,1656355481194739694,63:D2:C2:21:FA:87,-61
BLE,1656355481208512644,12:19:55:54:CB:13,-68
BLE,1656355481218416448,47:60:5B:63:05:4D,-58
BLE,1656355481221030393,2B:E8:F0:BE:6B:54,-56
BLE,1656355481230538052,68:ED:AF:4B:54:1E,-77
BLE,1656355481233857983,10:39:17:26:28:4D,-58
BLE,1656355481256812241,C0:F8:BB:9D:12:93,-52
BLE,1656355481275018762,77:D3:E3:71:84:1F,-80
BLE,1656355481296356049,38:01:E8:6A:13:C0,-77
BLE,1656355481308878172,C0:F8:BB:9D:12:93,-60
BLE,1656355481320807017,47:60:5B:63:05:4D,-58
BLE,1656355481327458441,2B:E8:F0:BE:6B:54,-52
BLE,1656355481356834541,C0:F8:BB:9D:12:93,-56
BLE,1656355481367513445,10:39:17:26:28:4D,-58
BLE,1656355481405023617,43:1A:7B:DE:EC:DA,-76
BLE,1656355481408300423,C0:F8:BB:9D:12:93,-49
BLE,1656355481428293185,47:60:5B:63:05:4D,-67
BLE,1656355481473151133,63:D2:C2:21:FA:87,-64
BLE,1656355481502543013,10:39:17:26:28:4D,-58
BLE,1656355481507029240,C0:F8:BB:9D:12:93,-53
BLE,1656355481531067190,47:60:5B:63:05:4D,-56
BLE,1656355481534799879,2B:E8:F0:BE:6B:54,-56
BLE,1656355481541555314,C8:69:CD:61:6F:2C,-74
BLE,1656355481545048942,38:01:E8:6A:13:C0,-79
BLE,1656355481557299452,C0:F8:BB:9D:12:93,-56
BLE,1656355481563402493,04:4D:44:40:9D:4E,-73
BLE,1656355481570129438,57:39:E4:32:C8:AE,-79
BLE,1656355481607643048,C0:F8:BB:9D:12:93,-49
BLE,1656355481613507133,12:19:55:54:CB:13,-67
BLE,1656355481620717356,38:01:E8:6A:13:C0,-78
BLE,1656355481633060939,10:39:17:26:28:4D,-62
BLE,1656355481641271053,2B:E8:F0:BE:6B:54,-52
BLE,1656355481656767484,31:9E:B0:0B:16:D4,-84
BLE,1656355481698025033,C5:84:80:5C:C2:6D,-80
BLE,1656355481707666963,C0:F8:BB:9D:12:93,-52
BLE,1656355481743062407,63:D2:C2:21:FA:87,-63
BLE,1656355481759816488,C0:F8:BB:9D:12:93,-55
BLE,1656355481761854394,10:39:17:26:28:4D,-59
BLE,1656355481765980310,12:19:55:54:CB:13,-74
BLE,1656355481770630547,08:66:98:AD:B4:AD,-78
BLE,1656355481806668748,C0:F8:BB:9D:12:93,-56
BLE,1656355481845467299,47:60:5B:63:05:4D,-56
BLE,1656355481857211457,60:BB:16:11:F4:A2,-75
BLE,1656355481860327848,C0:F8:BB:9D:12:93,-49
BLE,1656355481887301876,10:39:17:26:28:4D,-58
BLE,1656355481909125983,C0:F8:BB:9D:12:93,-52
BLE,1656355481931539566,04:4D:44:40:9D:4E,-71
BLE,1656355481947029435,47:60:5B:63:05:4D,-58
BLE,1656355481952536646,2B:E8:F0:BE:6B:54,-51
BLE,1656355481957623391,C0:F8:BB:9D:12:93,-52
BLE,1656355482003119096,68:ED:AF:4B:54:1E,-69
BLE,1656355482009799426,C0:F8:BB:9D:12:93,-55
BLE,1656355482016911629,63:D2:C2:21:FA:87,-67
BLE,1656355482046726737,47:60:5B:63:05:4D,-56
BLE,1656355482061014893,C0:F8:BB:9D:12:93,-49
BLE,1656355482083467382,12:19:55:54:CB:13,-70
BLE,1656355482087822047,C8:69:CD:61:6F:2C,-70
BLE,1656355482112780357,60:BB:16:11:F4:A2,-73
BLE,1656355482128197882,57:39:E4:32:C8:AE,-78
BLE,1656355482144391862,10:39:17:26:28:4D,-58
BLE,1656355482149552148,47:60:5B:63:05:4D,-58
BLE,1656355482162287395,2B:E8:F0:BE:6B:54,-57
BLE,1656355482172120834,0A:78:2F:16:8B:F1,-70
BLE,1656355482209245852,C0:F8:BB:9D:12:93,-68
BLE,1656355482260156373,C0:F8:BB:9D:12:93,-49
BLE,1656355482262252352,12:19:55:54:CB:13,-71
BLE,1656355482269383044,2B:E8:F0:BE:6B:54,-52
BLE,1656355482276228218,10:39:17:26:28:4D,-58
BLE,1656355482286906496,63:D2:C2:21:FA:87,-67
BLE,1656355482327655350,38:01:E8:6A:13:C0,-77
BLE,1656355482332752772,43:1A:7B:DE:EC:DA,-71
BLE,1656355482375474116,2B:E8:F0:BE:6B:54,-48
BLE,1656355482440160191,38:01:E8:6A:13:C0,-76
BLE,1656355482458360566,47:60:5B:63:05:4D,-57
BLE,1656355482467238802,12:19:55:54:CB:13,-70
BLE,1656355482510759933,C0:F8:BB:9D:12:93,-50
BLE,1656355482518223228,38:01:E8:6A:13:C0,-80
BLE,1656355482533168829,10:39:17:26:28:4D,-66
BLE,1656355482558302398,63:D2:C2:21:FA:87,-66
BLE,1656355482566022984,47:60:5B:63:05:4D,-57
BLE,1656355482577283291,12:19:55:54:CB:13,-71
BLE,1656355482609409168,C0:F8:BB:9D:12:93,-52
BLE,1656355482624508309,31:9E:B0:0B:16:D4,-81
BLE,1656355482645247317,EB:D0:D7:6B:B4:B6,-77
BLE,1656355482659600369,C0:F8:BB:9D:12:93,-56
BLE,1656355482661005414,10:39:17:26:28:4D,-58
BLE,1656355482666574448,40:CB:C0:CB:7F:B6,-74
BLE,1656355482690403909,2B:E8:F0:BE:6B:54,-48
BLE,1656355482691733173,31:9E:B0:0B:16:D4,-79
BLE,1656355482707111636,C0:F8:BB:9D:12:93,-56
BLE,1656355482760091208,C0:F8:BB:9D:12:93,-49
BLE,1656355482774664050,47:60:5B:63:05:4D,-57
BLE,1656355482781870576,68:ED:AF:4B:54:1E,-76
BLE,1656355482785979201,10:39:17:26:28:4D,-59
BLE,1656355482797210445,2B:E8:F0:BE:6B:54,-55
BLE,1656355482805963994,12:19:55:54:CB:13,-66
BLE,1656355482825084417,57:39:E4:32:C8:AE,-78
BLE,1656355482832839169,63:D2:C2:21:FA:87,-68
BLE,1656355482848326121,04:4D:44:40:9D:4E,-70
BLE,1656355482856274882,C0:F8:BB:9D:12:93,-51
BLE,1656355482883287348,47:60:5B:63:05:4D,-68
BLE,1656355482905960618,2B:E8:F0:BE:6B:54,-72
BLE,1656355482907463943,C0:F8:BB:9D:12:93,-69
BLE,1656355482935559112,D0:03:DF:C9:BE:CF,-73
BLE,1656355482960057893,C0:F8:BB:9D:12:93,-50
BLE,1656355482990914662,47:60:5B:63:05:4D,-56
BLE,1656355483003138505,C8:69:CD:61:6F:2C,-84
BLE,1656355483014277980,2B:E8:F0:BE:6B:54,-51
BLE,1656355483029216236,40:CB:C0:CB:7F:B6,-72
BLE,1656355483035690943,68:ED:AF:4B:54:1E,-72
BLE,1656355483057139427,C0:F8:BB:9D:12:93,-51
BLE,1656355483070641597,43:1A:7B:DE:EC:DA,-67
BLE,1656355483093214294,47:60:5B:63:05:4D,-58
BLE,1656355483102913984,63:D2:C2:21:FA:87,-68
BLE,1656355483160397804,C0:F8:BB:9D:12:93,-49
BLE,1656355483166252357,3C:5E:A8:97:4D:43,-77
BLE,1656355483178080370,10:39:17:26:28:4D,-59
BLE,1656355483194155131,47:60:5B:63:05:4D,-56
BLE,1656355483208380527,C0:F8:BB:9D:12:93,-49
BLE,1656355483210074477,40:CB:C0:CB:7F:B6,-71
BLE,1656355483249766409,12:19:55:54:CB:13,-70
BLE,1656355483258779384,C0:F8:BB:9D:12:93,-53
BLE,1656355483274978415,3C:5E:A8:97:4D:43,-77
BLE,1656355483291318852,03:42:52:01:B2:F9,-79
BLE,1656355483300337556,68:ED:AF:4B:54:1E,-74
BLE,1656355483306696117,C0:F8:BB:9D:12:93,-52
BLE,1656355483331284377,2B:E8:F0:BE:6B:54,-52
BLE,1656355483358280384,C0:F8:BB:9D:12:93,-56
BLE,1656355483371507244,C8:69:CD:61:6F:2C,-70
BLE,1656355483383554161,63:D2:C2:21:FA:87,-59
BLE,1656355483394050149,04:4D:44:40:9D:4E,-77
BLE,1656355483410035380,C0:F8:BB:9D:12:93,-49
BLE,1656355483438859763,2B:E8:F0:BE:6B:54,-51
BLE,1656355483439814915,10:39:17:26:28:4D,-58
BLE,1656355483508353887,C0:F8:BB:9D:12:93,-52
BLE,1656355483515918483,47:60:5B:63:05:4D,-57
BLE,1656355483522294180,D0:03:DF:C9:BE:CF,-69
BLE,1656355483541289343,2B:E8:F0:BE:6B:54,-55
BLE,1656355483551896372,68:ED:AF:4B:54:1E,-73
BLE,1656355483558132694,C0:F8:BB:9D:12:93,-56
BLE,1656355483565207606,38:01:E8:6A:13:C0,-80
BLE,1656355483570592005,10:39:17:26:28:4D,-65
BLE,1656355483588795558,3C:5E:A8:97:4D:43,-76
BLE,1656355483608204313,C0:F8:BB:9D:12:93,-56
BLE,1656355483623560536,47:60:5B:63:05:4D,-56
BLE,1656355483642569710,2B:E8:F0:BE:6B:54,-51
BLE,1656355483657267447,C0:F8:BB:9D:12:93,-49
BLE,1656355483694432777,10:39:17:26:28:4D,-58
BLE,1656355483704447518,C5:84:80:5C:C2:6D,-79
BLE,1656355483707537814,C0:F8:BB:9D:12:93,-53
BLE,1656355483734110178,C8:69:CD:61:6F:2C,-71
BLE,1656355483747635265,2B:E8:F0:BE:6B:54,-48
BLE,1656355483749129737,77:D3:E3:71:84:1F,-79
BLE,1656355483758891510,C0:F8:BB:9D:12:93,-52
BLE,1656355483791276969,3C:5E:A8:97:4D:43,-76
BLE,1656355483808138497,C0:F8:BB:9D:12:93,-56
BLE,1656355483823568678,10:39:17:26:28:4D,-58
BLE,1656355483835373566,47:60:5B:63:05:4D,-57
BLE,1656355483839314848,03:42:52:01:B2:F9,-81
BLE,1656355483846317624,2B:E8:F0:BE:6B:54,-52
BLE,1656355483859503755,C0:F8:BB:9D:12:93,-49
BLE,1656355483915162532,C8:69:CD:61:6F:2C,-66
BLE,1656355483925670551,63:D2:C2:21:FA:87,-60
BLE,1656355483943030671,04:4D:44:40:9D:4E,-71
BLE,1656355483948106738,57:39:E4:32:C8:AE,-78
BLE,1656355483951720782,2B:E8:F0:BE:6B:54,-47
BLE,1656355483975720868,D0:03:DF:C9:BE:CF,-67
BLE,1656355483996111545,3C:5E:A8:97:4D:43,-79
BLE,1656355484008573148,C0:F8:BB:9D:12:93,-55
BLE,1656355484019492154,0A:78:2F:16:8B:F1,-75
BLE,1656355484045499677,47:60:5B:63:05:4D,-56
BLE,1656355484058157789,C0:F8:BB:9D:12:93,-56
BLE,1656355484069185598,68:ED:AF:4B:54:1E,-72
BLE,1656355484086679883,10:39:17:26:28:4D,-66
BLE,1656355484109497735,C0:F8:BB:9D:12:93,-49
BLE,1656355484127197488,04:4D:44:40:9D:4E,-70
BLE,1656355484129806172,D0:03:DF:C9:BE:CF,-70
BLE,1656355484133079177,57:39:E4:32:C8:AE,-81
BLE,1656355484136937021,38:01:E8:6A:13:C0,-81
BLE,1656355484150839971,47:60:5B:63:05:4D,-57
BLE,1656355484158813211,2B:E8:F0:BE:6B:54,-51
BLE,1656355484194810527,12:19:55:54:CB:13,-67
BLE,1656355484196716455,63:D2:C2:21:FA:87,-61
BLE,1656355484210369770,C0:F8:BB:9D:12:93,-55
BLE,1656355484243164394,31:9E:B0:0B:16:D4,-84
BLE,1656355484257301665,C0:F8:BB:9D:12:93,-55
BLE,1656355484259683164,47:60:5B:63:05:4D,-57
BLE,1656355484265499280,2B:E8:F0:BE:6B:54,-48
BLE,1656355484285560948,C8:69:CD:61:6F:2C,-73
BLE,1656355484308002760,C0:F8:BB:9D:12:93,-49
BLE,1656355484313504711,04:4D:44:40:9D:4E,-73
BLE,1656355484325031995,68:ED:AF:4B:54:1E,-78
BLE,1656355484342310657,10:39:17:26:28:4D,-60
BLE,1656355484365590538,2B:E8:F0:BE:6B:54,-50
BLE,1656355484391390197,03:42:52:01:B2:F9,-82
BLE,1656355484405727155,C0:F8:BB:9D:12:93,-52
BLE,1656355484458133085,C0:F8:BB:9D:12:93,-54
BLE,1656355484467244965,2B:E8:F0:BE:6B:54,-48
BLE,1656355484469278340,C8:69:CD:61:6F:2C,-74
BLE,1656355484475498100,47:60:5B:63:05:4D,-56
BLE,1656355484507003095,C0:F8:BB:9D:12:93,-55
BLE,1656355484558974860,C0:F8:BB:9D:12:93,-49
BLE,1656355484572373541,2B:E8:F0:BE:6B:54,-55
BLE,1656355484602610418,10:39:17:26:28:4D,-65
BLE,1656355484646928211,EB:D0:D7:6B:B4:B6,-75
BLE,1656355484652883754,C8:69:CD:61:6F:2C,-69
BLE,1656355484657361179,C0:F8:BB:9D:12:93,-52
BLE,1656355484668002114,40:CB:C0:CB:7F:B6,-81
BLE,1656355484676342384,2B:E8:F0:BE:6B:54,-63
BLE,1656355484708214200,C0:F8:BB:9D:12:93,-55
BLE,1656355484729941224,10:39:17:26:28:4D,-59
BLE,1656355484745474738,63:D2:C2:21:FA:87,-60
BLE,1656355484781158982,2B:E8:F0:BE:6B:54,-49
BLE,1656355484792971786,47:60:5B:63:05:4D,-56
BLE,1656355484831124820,3C:5E:A8:97:4D:43,-75
BLE,1656355484837557443,68:ED:AF:4B:54:1E,-73
BLE,1656355484856228910,10:39:17:26:28:4D,-58
BLE,1656355484858853220,C0:F8:BB:9D:12:93,-51
BLE,1656355484885646155,2B:E8:F0:BE:6B:54,-56
BLE,1656355484895840009,47:60:5B:63:05:4D,-58
BLE,1656355484908400987,C0:F8:BB:9D:12:93,-56
BLE,1656355484927604638,60:BB:16:11:F4:A2,-74
BLE,1656355484960698792,C0:F8:BB:9D:12:93,-49
BLE,1656355484990682857,2B:E8:F0:BE:6B:54,-50
BLE,1656355485008214590,C0:F8:BB:9D:12:93,-49
BLE,1656355485020232706,63:D2:C2:21:FA:87,-75
BLE,1656355485052253427,04:4D:44:40:9D:4E,-70
BLE,1656355485055762836,D0:03:DF:C9:BE:CF,-70
BLE,1656355485091104582,2B:E8:F0:BE:6B:54,-55
BLE,1656355485096859813,68:ED:AF:4B:54:1E,-78
BLE,1656355485119972039,12:19:55:54:CB:13,-72
BLE,1656355485121385833,10:39:17:26:28:4D,-67
BLE,1656355485157678252,C0:F8:BB:9D:12:93,-56
BLE,1656355485195740921,2B:E8:F0:BE:6B:54,-66
BLE,1656355485207625027,C0:F8:BB:9D:12:93,-49
BLE,1656355485253146304,10:39:17:26:28:4D,-66
BLE,1656355485256671651,38:01:E8:6A:13:C0,-78
BLE,1656355485257540761,C0:F8:BB:9D:12:93,-50
BLE,1656355485293478910,63:D2:C2:21:FA:87,-59
BLE,1656355485301870690,2B:E8:F0:BE:6B:54,-49
BLE,1656355485314260731,47:60:5B:63:05:4D,-58
BLE,1656355485358205245,D0:55:35:46:16:95,-80
BLE,1656355485367373792,D0:03:DF:C9:BE:CF,-67
BLE,1656355485377338845,10:39:17:26:28:4D,-58
BLE,1656355485403108870,2B:E8:F0:BE:6B:54,-55
BLE,1656355485408619310,C0:F8:BB:9D:12:93,-56
BLE,1656355485460085609,C0:F8:BB:9D:12:93,-67
BLE,1656355485508299685,C0:F8:BB:9D:12:93,-52
BLE,1656355485517194223,47:60:5B:63:05:4D,-57
BLE,1656355485522953100,43:1A:7B:DE:EC:DA,-70
BLE,1656355485557222872,C0:F8:BB:9D:12:93,-68
BLE,1656355485563752474,63:D2:C2:21:FA:87,-75
BLE,1656355485606803503,04:4D:44:40:9D:4E,-85
BLE,1656355485621074160,47:60:5B:63:05:4D,-73
BLE,1656355485638889745,10:39:17:26:28:4D,-81
BLE,1656355485660740519,C0:F8:BB:9D:12:93,-50
BLE,1656355485679849848,D0:03:DF:C9:BE:CF,-69
BLE,1656355485683077696,03:42:52:01:B2:F9,-81
BLE,1656355485704214723,C5:84:80:5C:C2:6D,-95
BLE,1656355485708899126,C0:F8:BB:9D:12:93,-67
BLE,1656355485711035678,60:BB:16:11:F4:A2,-86
BLE,1656355485715029616,2B:E8:F0:BE:6B:54,-69
BLE,1656355485729188397,47:60:5B:63:05:4D,-76
BLE,1656355485757024088,C0:F8:BB:9D:12:93,-70
BLE,1656355485759267879,C8:69:CD:61:6F:2C,-84
BLE,1656355485770803809,40:CB:C0:CB:7F:B6,-90
BLE,1656355485809247571,C0:F8:BB:9D:12:93,-74
BLE,1656355485824441035,2B:E8:F0:BE:6B:54,-51
BLE,1656355485830916366,47:60:5B:63:05:4D,-57
BLE,1656355485857254981,C0:F8:BB:9D:12:93,-57
BLE,1656355485866307070,12:19:55:54:CB:13,-85
BLE,1656355485884246770,43:1A:7B:DE:EC:DA,-84
BLE,1656355485907658213,C0:F8:BB:9D:12:93,-68
BLE,1656355485951859601,40:CB:C0:CB:7F:B6,-89
BLE,1656355485957681654,C0:F8:BB:9D:12:93,-69
BLE,1656355485997377440,D0:03:DF:C9:BE:CF,-70
BLE,1656355486040515865,47:60:5B:63:05:4D,-77
BLE,1656355486059055458,C0:F8:BB:9D:12:93,-73
BLE,1656355486110421184,C0:F8:BB:9D:12:93,-67
BLE,1656355486115654491,63:D2:C2:21:FA:87,-77
BLE,1656355486131829252,C8:69:CD:61:6F:2C,-89
BLE,1656355486137604587,2B:E8:F0:BE:6B:54,-69
BLE,1656355486143601431,47:60:5B:63:05:4D,-73
BLE,1656355486156899696,10:39:17:26:28:4D,-80
BLE,1656355486175750798,D0:03:DF:C9:BE:CF,-69
BLE,1656355486208407037,C0:F8:BB:9D:12:93,-69
BLE,1656355486245682523,2B:E8:F0:BE:6B:54,-67
BLE,1656355486258890945,C0:F8:BB:9D:12:93,-74
BLE,1656355486288383346,10:39:17:26:28:4D,-81
BLE,1656355486309872715,C0:F8:BB:9D:12:93,-68
BLE,1656355486312967907,C8:69:CD:61:6F:2C,-89
BLE,1656355486335971540,04:4D:44:40:9D:4E,-73
BLE,1656355486358974443,C0:F8:BB:9D:12:93,-49
BLE,1656355486401964066,0A:78:2F:16:8B:F1,-89
BLE,1656355486408889499,C0:F8:BB:9D:12:93,-71
BLE,1656355486420573919,10:39:17:26:28:4D,-75
BLE,1656355486457006649,C0:F8:BB:9D:12:93,-69
BLE,1656355486461114857,2B:E8:F0:BE:6B:54,-72
BLE,1656355486495803065,D0:03:DF:C9:BE:CF,-84
BLE,1656355486508330813,C0:F8:BB:9D:12:93,-57
BLE,1656355486553703237,10:39:17:26:28:4D,-75
BLE,1656355486557778893,C0:F8:BB:9D:12:93,-67
BLE,1656355486562731316,38:01:E8:6A:13:C0,-93
BLE,1656355486565696717,2B:E8:F0:BE:6B:54,-69
BLE,1656355486608020511,C0:F8:BB:9D:12:93,-67
BLE,1656355486630075606,43:1A:7B:DE:EC:DA,-85
BLE,1656355486649397330,EB:D0:D7:6B:B4:B6,-91
BLE,1656355486659323581,C0:F8:BB:9D:12:93,-69
BLE,1656355486671732945,47:60:5B:63:05:4D,-77
BLE,1656355486700398788,04:4D:44:40:9D:4E,-70
BLE,1656355486709359419,C0:F8:BB:9D:12:93,-57
BLE,1656355486757162663,C0:F8:BB:9D:12:93,-75
BLE,1656355486766434595,D0:03:DF:C9:BE:CF,-85
BLE,1656355486767624745,2B:E8:F0:BE:6B:54,-69
BLE,1656355486808716931,C0:F8:BB:9D:12:93,-66
BLE,1656355486853359827,3C:5E:A8:97:4D:43,-78
BLE,1656355486860417916,C8:69:CD:61:6F:2C,-70
BLE,1656355486870542499,2B:E8:F0:BE:6B:54,-55
BLE,1656355486873135819,40:CB:C0:CB:7F:B6,-75
BLE,1656355486885522839,47:60:5B:63:05:4D,-56
BLE,1656355486906776168,C0:F8:BB:9D:12:93,-70
BLE,1656355486934371547,10:39:17:26:28:4D,-75
BLE,1656355486952912859,63:D2:C2:21:FA:87,-82
BLE,1656355486960023239,C0:F8:BB:9D:12:93,-75
BLE,1656355486971975886,2B:E8:F0:BE:6B:54,-70
BLE,1656355486984896601,12:19:55:54:CB:13,-88
BLE,1656355486996641176,60:BB:16:11:F4:A2,-86
BLE,1656355487008826270,C0:F8:BB:9D:12:93,-67
BLE,1656355487042877554,C8:69:CD:61:6F:2C,-70
BLE,1656355487055731134,40:CB:C0:CB:7F:B6,-73
BLE,1656355487075709521,2B:E8:F0:BE:6B:54,-66
BLE,1656355487094293020,47:60:5B:63:05:4D,-75
BLE,1656355487106985507,C0:F8:BB:9D:12:93,-70
BLE,1656355487150187786,68:ED:AF:4B:54:1E,-85
BLE,1656355487158103579,C0:F8:BB:9D:12:93,-74
BLE,1656355487167564468,12:19:55:54:CB:13,-85
BLE,1656355487176925826,2B:E8:F0:BE:6B:54,-69
BLE,1656355487198069259,47:60:5B:63:05:4D,-56
BLE,1656355487210882944,C0:F8:BB:9D:12:93,-48
BLE,1656355487227557702,C8:69:CD:61:6F:2C,-72
BLE,1656355487236156929,D0:03:DF:C9:BE:CF,-69
BLE,1656355487256376408,60:BB:16:11:F4:A2,-91
BLE,1656355487260086181,C0:F8:BB:9D:12:93,-67
BLE,1656355487278348692,2B:E8:F0:BE:6B:54,-67
BLE,1656355487304191684,38:01:E8:6A:13:C0,-95
BLE,1656355487317333544,10:39:17:26:28:4D,-75
BLE,1656355487360180460,C0:F8:BB:9D:12:93,-73
BLE,1656355487373382320,3C:5E:A8:97:4D:43,-79
BLE,1656355487386132306,2B:E8:F0:BE:6B:54,-55
BLE,1656355487407629227,C8:69:CD:61:6F:2C,-70
BLE,1656355487409854112,C0:F8:BB:9D:12:93,-57
BLE,1656355487451874261,10:39:17:26:28:4D,-75
BLE,1656355487458187719,C0:F8:BB:9D:12:93,-67
BLE,1656355487493930556,2B:E8:F0:BE:6B:54,-70
BLE,1656355487512000307,60:BB:16:11:F4:A2,-86
BLE,1656355487547732833,12:19:55:54:CB:13,-71
BLE,1656355487558942723,C0:F8:BB:9D:12:93,-51
BLE,1656355487572645726,43:1A:7B:DE:EC:DA,-71
BLE,1656355487575808626,D0:03:DF:C9:BE:CF,-69
BLE,1656355487601967034,2B:E8:F0:BE:6B:54,-69
BLE,1656355487609296059,C0:F8:BB:9D:12:93,-73
BLE,1656355487619201790,47:60:5B:63:05:4D,-77
BLE,1656355487656786649,C0:F8:BB:9D:12:93,-73
BLE,1656355487671437512,68:ED:AF:4B:54:1E,-86
BLE,1656355487687082848,3C:5E:A8:97:4D:43,-94
BLE,1656355487703064277,2B:E8:F0:BE:6B:54,-72
BLE,1656355487706423010,C5:84:80:5C:C2:6D,-96
BLE,1656355487720530958,47:60:5B:63:05:4D,-57
BLE,1656355487774000893,60:BB:16:11:F4:A2,-91
BLE,1656355487775455729,C8:69:CD:61:6F:2C,-91
BLE,1656355487783007513,63:D2:C2:21:FA:87,-80
BLE,1656355487790964399,40:CB:C0:CB:7F:B6,-96
BLE,1656355487807989677,C0:F8:BB:9D:12:93,-68
BLE,1656355487827396765,47:60:5B:63:05:4D,-73
BLE,1656355487859386809,C0:F8:BB:9D:12:93,-74
BLE,1656355487867783693,38:01:E8:6A:13:C0,-93
BLE,1656355487909033013,C0:F8:BB:9D:12:93,-49
BLE,1656355487931701595,47:60:5B:63:05:4D,-75
BLE,1656355487958878591,C0:F8:BB:9D:12:93,-67
BLE,1656355487976868343,10:39:17:26:28:4D,-80
BLE,1656355487985407310,04:4D:44:40:9D:4E,-84
BLE,1656355488007032616,C0:F8:BB:9D:12:93,-68
BLE,1656355488012403161,2B:E8:F0:BE:6B:54,-73
BLE,1656355488025092575,D0:03:DF:C9:BE:CF,-84
BLE,1656355488031117076,47:60:5B:63:05:4D,-73
BLE,1656355488058250374,C0:F8:BB:9D:12:93,-72
BLE,1656355488060990777,63:D2:C2:21:FA:87,-62
BLE,1656355488121399009,2B:E8:F0:BE:6B:54,-69
BLE,1656355488133582124,77:D3:E3:71:84:1F,-95
BLE,1656355488160669641,C0:F8:BB:9D:12:93,-67
BLE,1656355488166655131,04:4D:44:40:9D:4E,-84
BLE,1656355488208621271,C0:F8:BB:9D:12:93,-68
BLE,1656355488224483012,2B:E8:F0:BE:6B:54,-66
BLE,1656355488239293093,47:60:5B:63:05:4D,-58
BLE,1656355488246724148,38:01:E8:6A:13:C0,-76
BLE,1656355488256055350,C0:F8:BB:9D:12:93,-52
BLE,1656355488309761430,C0:F8:BB:9D:12:93,-73
BLE,1656355488320456479,C8:69:CD:61:6F:2C,-86
BLE,1656355488325090518,2B:E8:F0:BE:6B:54,-69
BLE,1656355488333543912,63:D2:C2:21:FA:87,-80
BLE,1656355488335810775,D0:03:DF:C9:BE:CF,-84
BLE,1656355488340731375,40:CB:C0:CB:7F:B6,-89
BLE,1656355488345624788,47:60:5B:63:05:4D,-73
BLE,1656355488358211546,C0:F8:BB:9D:12:93,-67
BLE,1656355488408172488,C0:F8:BB:9D:12:93,-49
BLE,1656355488427001246,2B:E8:F0:BE:6B:54,-47
BLE,1656355488456442605,C0:F8:BB:9D:12:93,-68
BLE,1656355488498173485,10:39:17:26:28:4D,-80
BLE,1656355488501717582,C8:69:CD:61:6F:2C,-85
BLE,1656355488533244087,2B:E8:F0:BE:6B:54,-74
BLE,1656355488542680653,60:BB:16:11:F4:A2,-76
BLE,1656355488560663165,C0:F8:BB:9D:12:93,-50
BLE,1656355488564264866,47:60:5B:63:05:4D,-58
BLE,1656355488603548727,63:D2:C2:21:FA:87,-76
BLE,1656355488607674643,C0:F8:BB:9D:12:93,-68
BLE,1656355488627969331,38:01:E8:6A:13:C0,-97
BLE,1656355488630142601,10:39:17:26:28:4D,-80
BLE,1656355488651371659,EB:D0:D7:6B:B4:B6,-91
BLE,1656355488655847574,D0:03:DF:C9:BE:CF,-84
BLE,1656355488658301676,C0:F8:BB:9D:12:93,-67
BLE,1656355488668094698,47:60:5B:63:05:4D,-75
BLE,1656355488682954049,C8:69:CD:61:6F:2C,-71
BLE,1656355488707571579,C0:F8:BB:9D:12:93,-51
BLE,1656355488717702361,68:ED:AF:4B:54:1E,-76
BLE,1656355488742382859,2B:E8:F0:BE:6B:54,-66
BLE,1656355488757694916,C0:F8:BB:9D:12:93,-74
BLE,1656355488759814645,10:39:17:26:28:4D,-75
BLE,1656355488788522363,0A:78:2F:16:8B:F1,-74
BLE,1656355488810469854,C0:F8:BB:9D:12:93,-49
BLE,1656355488836038838,3C:5E:A8:97:4D:43,-75
BLE,1656355488846873939,2B:E8:F0:BE:6B:54,-56
BLE,1656355488857614613,12:19:55:54:CB:13,-68
BLE,1656355488864142600,C8:69:CD:61:6F:2C,-71
BLE,1656355488907352379,C0:F8:BB:9D:12:93,-51
BLE,1656355488926250303,55:19:00:73:11:E9,-81
BLE,1656355488948837219,D0:03:DF:C9:BE:CF,-66
BLE,1656355488954396513,2B:E8:F0:BE:6B:54,-51
BLE,1656355488957631444,C0:F8:BB:9D:12:93,-56
BLE,1656355488970737263,0A:78:2F:16:8B:F1,-74
BLE,1656355488982214704,47:60:5B:63:05:4D,-58
BLE,1656355489010684662,C0:F8:BB:9D:12:93,-49
BLE,1656355489037075621,57:39:E4:32:C8:AE,-80
BLE,1656355489045315214,C8:69:CD:61:6F:2C,-70
BLE,1656355489056806978,60:BB:16:11:F4:A2,-76
BLE,1656355489063910171,2B:E8:F0:BE:6B:54,-51
BLE,1656355489083602830,04:4D:44:40:9D:4E,-74
BLE,1656355489091167896,47:60:5B:63:05:4D,-56
BLE,1656355489148127864,10:39:17:26:28:4D,-62
BLE,1656355489160197855,C0:F8:BB:9D:12:93,-56
BLE,1656355489166351417,2B:E8:F0:BE:6B:54,-55
BLE,1656355489199308019,47:60:5B:63:05:4D,-56
BLE,1656355489210169057,C0:F8:BB:9D:12:93,-56
BLE,1656355489258945213,C0:F8:BB:9D:12:93,-49
BLE,1656355489260171718,43:1A:7B:DE:EC:DA,-67
BLE,1656355489265435180,04:4D:44:40:9D:4E,-71
BLE,1656355489299831723,47:60:5B:63:05:4D,-58
BLE,1656355489356869243,C0:F8:BB:9D:12:93,-52
BLE,1656355489379526002,2B:E8:F0:BE:6B:54,-51
BLE,1656355489401848336,47:60:5B:63:05:4D,-56
BLE,1656355489408098772,D0:55:35:46:16:95,-83
BLE,1656355489420101732,12:19:55:54:CB:13,-69
BLE,1656355489450268088,04:4D:44:40:9D:4E,-70
BLE,1656355489456951960,C0:F8:BB:9D:12:93,-56
BLE,1656355489491844385,68:ED:AF:4B:54:1E,-85
BLE,1656355489509512732,C0:F8:BB:9D:12:93,-49
BLE,1656355489554394117,38:01:E8:6A:13:C0,-77
BLE,1656355489589422062,2B:E8:F0:BE:6B:54,-68
BLE,1656355489608156081,C0:F8:BB:9D:12:93,-51
BLE,1656355489614360737,47:60:5B:63:05:4D,-58
BLE,1656355489659644619,C0:F8:BB:9D:12:93,-69
BLE,1656355489665647974,10:39:17:26:28:4D,-65
BLE,1656355489694521264,2B:E8:F0:BE:6B:54,-51
BLE,1656355489710482901,C0:F8:BB:9D:12:93,-49
BLE,1656355489716818285,47:60:5B:63:05:4D,-56
BLE,1656355489755794543,68:ED:AF:4B:54:1E,-75
BLE,1656355489776088137,C8:69:CD:61:6F:2C,-73
BLE,1656355489793205602,10:39:17:26:28:4D,-58
BLE,1656355489798128702,40:CB:C0:CB:7F:B6,-73
BLE,1656355489809345832,C0:F8:BB:9D:12:93,-53
BLE,1656355489839271720,60:BB:16:11:F4:A2,-73
BLE,1656355489859680834,C0:F8:BB:9D:12:93,-56
BLE,1656355489910776354,C0:F8:BB:9D:12:93,-48
BLE,1656355489925621330,10:39:17:26:28:4D,-58
BLE,1656355489974405142,63:D2:C2:21:FA:87,-60
BLE,1656355490002333697,04:4D:44:40:9D:4E,-74
BLE,1656355490008635488,C0:F8:BB:9D:12:93,-52
BLE,1656355490012649946,2B:E8:F0:BE:6B:54,-50
BLE,1656355490033159112,47:60:5B:63:05:4D,-57
BLE,1656355490055979516,C0:F8:BB:9D:12:93,-63
BLE,1656355490099551376,60:BB:16:11:F4:A2,-73
BLE,1656355490108678777,C0:F8:BB:9D:12:93,-57
BLE,1656355490139662108,47:60:5B:63:05:4D,-59
BLE,1656355490158260607,C0:F8:BB:9D:12:93,-49
BLE,1656355490180167422,10:39:17:26:28:4D,-63
BLE,1656355490184831096,04:4D:44:40:9D:4E,-73
BLE,1656355490225751094,2B:E8:F0:BE:6B:54,-46
BLE,1656355490248018064,47:60:5B:63:05:4D,-58
BLE,1656355490252039033,0A:78:2F:16:8B:F1,-72
BLE,1656355490256113231,C0:F8:BB:9D:12:93,-51
BLE,1656355490302348671,38:01:E8:6A:13:C0,-80
BLE,1656355490324276527,C8:69:CD:61:6F:2C,-70
BLE,1656355490329943738,2B:E8:F0:BE:6B:54,-54
BLE,1656355490351170556,47:60:5B:63:05:4D,-57
BLE,1656355490357373597,C0:F8:BB:9D:12:93,-56
BLE,1656355490408291774,C0:F8:BB:9D:12:93,-49
BLE,1656355490433202323,0A:78:2F:16:8B:F1,-74
BLE,1656355490439889320,10:39:17:26:28:4D,-58
BLE,1656355490458642662,47:60:5B:63:05:4D,-56
BLE,1656355490495870544,D0:03:DF:C9:BE:CF,-69
BLE,1656355490505987263,C0:F8:BB:9D:12:93,-67
BLE,1656355490510202033,C8:69:CD:61:6F:2C,-84
BLE,1656355490518280325,57:39:E4:32:C8:AE,-79
BLE,1656355490525082426,63:D2:C2:21:FA:87,-61
BLE,1656355490546592576,12:19:55:54:CB:13,-71
BLE,1656355490558235381,C0:F8:BB:9D:12:93,-57
BLE,1656355490559320532,47:60:5B:63:05:4D,-58
BLE,1656355490608981579,C0:F8:BB:9D:12:93,-49
BLE,1656355490649425955,2B:E8:F0:BE:6B:54,-56
BLE,1656355490652893229,EB:D0:D7:6B:B4:B6,-75
BLE,1656355490658069557,C0:F8:BB:9D:12:93,-48
BLE,1656355490698931223,10:39:17:26:28:4D,-66
BLE,1656355490706641964,C0:F8:BB:9D:12:93,-51
BLE,1656355490720705070,3C:5E:A8:97:4D:43,-77
BLE,1656355490727954616,04:4D:44:40:9D:4E,-71
BLE,1656355490740497468,01:BC:1D:2E:7E:CA,-81
BLE,1656355490756487855,2B:E8:F0:BE:6B:54,-51
BLE,1656355490758972217,C0:F8:BB:9D:12:93,-68
BLE,1656355490766750719,47:60:5B:63:05:4D,-58
BLE,1656355490768142379,43:1A:7B:DE:EC:DA,-70
BLE,1656355490796283224,63:D2:C2:21:FA:87,-62
BLE,1656355490807913685,C0:F8:BB:9D:12:93,-57
BLE,1656355490815911509,D0:03:DF:C9:BE:CF,-70
BLE,1656355490822252831,10:39:17:26:28:4D,-72
BLE,1656355490859450088,C0:F8:BB:9D:12:93,-66
BLE,1656355490864539854,2B:E8:F0:BE:6B:54,-67
BLE,1656355490866839321,47:60:5B:63:05:4D,-56
BLE,1656355490873603088,C8:69:CD:61:6F:2C,-84
BLE,1656355490882229711,77:D3:E3:71:84:1F,-94
BLE,1656355490907744684,C0:F8:BB:9D:12:93,-68
BLE,1656355490911721226,04:4D:44:40:9D:4E,-82
BLE,1656355490957243545,10:39:17:26:28:4D,-73
BLE,1656355490968916506,D0:03:DF:C9:BE:CF,-70
BLE,1656355490973469921,47:60:5B:63:05:4D,-75
BLE,1656355491007127092,C0:F8:BB:9D:12:93,-72
BLE,1656355491070036509,63:D2:C2:21:FA:87,-78
BLE,1656355491074457737,2B:E8:F0:BE:6B:54,-70
BLE,1656355491083025401,47:60:5B:63:05:4D,-74
BLE,1656355491089745471,10:39:17:26:28:4D,-73
BLE,1656355491092799205,04:4D:44:40:9D:4E,-83
BLE,1656355491103970502,12:19:55:54:CB:13,-85
BLE,1656355491157760799,C0:F8:BB:9D:12:93,-67
BLE,1656355491180212403,2B:E8:F0:BE:6B:54,-67
BLE,1656355491208488717,C0:F8:BB:9D:12:93,-71
BLE,1656355491218133980,10:39:17:26:28:4D,-78
BLE,1656355491240733708,C8:69:CD:61:6F:2C,-88
BLE,1656355491242985936,38:01:E8:6A:13:C0,-91
BLE,1656355491257713569,C0:F8:BB:9D:12:93,-72
BLE,1656355491283315938,2B:E8:F0:BE:6B:54,-64
BLE,1656355491291202512,47:60:5B:63:05:4D,-71
BLE,1656355491308449715,C0:F8:BB:9D:12:93,-66
BLE,1656355491310776214,68:ED:AF:4B:54:1E,-90
BLE,1656355491339944554,63:D2:C2:21:FA:87,-77
BLE,1656355491351888034,10:39:17:26:28:4D,-78
BLE,1656355491386504784,2B:E8:F0:BE:6B:54,-66
BLE,1656355491398432692,47:60:5B:63:05:4D,-75
BLE,1656355491408500713,C0:F8:BB:9D:12:93,-66
BLE,1656355491445301931,40:CB:C0:CB:7F:B6,-86
BLE,1656355491465829742,3C:5E:A8:97:4D:43,-92
BLE,1656355491489865973,2B:E8:F0:BE:6B:54,-64
BLE,1656355491508082234,47:60:5B:63:05:4D,-74
BLE,1656355491560415143,68:ED:AF:4B:54:1E,-84
BLE,1656355491595692671,2B:E8:F0:BE:6B:54,-70
BLE,1656355491606500636,C0:F8:BB:9D:12:93,-68
BLE,1656355491616833917,47:60:5B:63:05:4D,-73
BLE,1656355491618130160,63:D2:C2:21:FA:87,-77
BLE,1656355491639420624,04:4D:44:40:9D:4E,-84
BLE,1656355491658244486,C0:F8:BB:9D:12:93,-74
BLE,1656355491665740958,60:BB:16:11:F4:A2,-92
BLE,1656355491695795231,2B:E8:F0:BE:6B:54,-67
BLE,1656355491710387292,C0:F8:BB:9D:12:93,-65
BLE,1656355491715740702,0A:78:2F:16:8B:F1,-87
BLE,1656355491718957508,C5:84:80:5C:C2:6D,-93
BLE,1656355491732489157,10:39:17:26:28:4D,-80
BLE,1656355491757769236,C0:F8:BB:9D:12:93,-65
BLE,1656355491789276419,C8:69:CD:61:6F:2C,-71
BLE,1656355491796337320,2B:E8:F0:BE:6B:54,-68
BLE,1656355491825535035,47:60:5B:63:05:4D,-74
BLE,1656355491897736280,2B:E8:F0:BE:6B:54,-67
BLE,1656355491909062628,C0:F8:BB:9D:12:93,-72
BLE,1656355491923333909,60:BB:16:11:F4:A2,-89
BLE,1656355491958333365,C0:F8:BB:9D:12:93,-64
BLE,1656355491972701156,C8:69:CD:61:6F:2C,-84
BLE,1656355491985698381,3C:5E:A8:97:4D:43,-91
BLE,1656355492007020772,2B:E8:F0:BE:6B:54,-65
BLE,1656355492036888171,47:60:5B:63:05:4D,-71
BLE,1656355492059051339,C0:F8:BB:9D:12:93,-67
BLE,1656355492073155642,43:1A:7B:DE:EC:DA,-85
BLE,1656355492108940927,C0:F8:BB:9D:12:93,-74
BLE,1656355492109963474,2B:E8:F0:BE:6B:54,-69
BLE,1656355492119990089,10:39:17:26:28:4D,-79
BLE,1656355492140523474,47:60:5B:63:05:4D,-75
BLE,1656355492160690089,C0:F8:BB:9D:12:93,-65
BLE,1656355492167456617,63:D2:C2:21:FA:87,-80
BLE,1656355492205252725,12:19:55:54:CB:13,-84
BLE,1656355492209456870,08:66:98:AD:B4:AD,-94
BLE,1656355492212732687,57:39:E4:32:C8:AE,-91
BLE,1656355492214554501,2B:E8:F0:BE:6B:54,-67
BLE,1656355492255179501,10:39:17:26:28:4D,-80
BLE,1656355492258185371,C0:F8:BB:9D:12:93,-70
BLE,1656355492275719239,31:9E:B0:0B:16:D4,-96
BLE,1656355492305858147,C0:F8:BB:9D:12:93,-67
BLE,1656355492322410927,2B:E8:F0:BE:6B:54,-67
BLE,1656355492349377039,47:60:5B:63:05:4D,-71
BLE,1656355492363104365,38:01:E8:6A:13:C0,-89
BLE,1656355492371750310,04:4D:44:40:9D:4E,-81
BLE,1656355492389785895,10:39:17:26:28:4D,-79
BLE,1656355492410800631,C0:F8:BB:9D:12:93,-65
BLE,1656355492428940486,2B:E8:F0:BE:6B:54,-70
BLE,1656355492442017710,60:BB:16:11:F4:A2,-87
BLE,1656355492508231434,C0:F8:BB:9D:12:93,-54
BLE,1656355492529564345,2B:E8:F0:BE:6B:54,-67
BLE,1656355492558289406,04:4D:44:40:9D:4E,-84
BLE,1656355492608367119,C0:F8:BB:9D:12:93,-57
BLE,1656355492637705979,43:1A:7B:DE:EC:DA,-84
BLE,1656355492653078348,10:39:17:26:28:4D,-74
BLE,1656355492658215874,C0:F8:BB:9D:12:93,-64
BLE,1656355492704472251,C8:69:CD:61:6F:2C,-85
BLE,1656355492733605019,38:01:E8:6A:13:C0,-90
BLE,1656355492739440666,04:4D:44:40:9D:4E,-85
BLE,1656355492741954143,2B:E8:F0:BE:6B:54,-70
BLE,1656355492756803806,C0:F8:BB:9D:12:93,-68
BLE,1656355492764390642,47:60:5B:63:05:4D,-73
BLE,1656355492771504512,12:19:55:54:CB:13,-85
BLE,1656355492784755069,10:39:17:26:28:4D,-74
BLE,1656355492808263282,01:BC:1D:2E:7E:CA,-99
BLE,1656355492843350967,2B:E8:F0:BE:6B:54,-67
BLE,1656355492859715987,C0:F8:BB:9D:12:93,-64
BLE,1656355492871214210,47:60:5B:63:05:4D,-71
BLE,1656355492886434913,C8:69:CD:61:6F:2C,-86
BLE,1656355492914757528,10:39:17:26:28:4D,-58
BLE,1656355492929421255,3C:5E:A8:97:4D:43,-90
BLE,1656355492957075801,C0:F8:BB:9D:12:93,-70
BLE,1656355492973057959,47:60:5B:63:05:4D,-74
BLE,1656355492996959555,0A:78:2F:16:8B:F1,-87
BLE,1656355493009350690,63:D2:C2:21:FA:87,-74
BLE,1656355493049569702,2B:E8:F0:BE:6B:54,-67
BLE,1656355493056981227,C0:F8:BB:9D:12:93,-72
BLE,1656355493070565376,C8:69:CD:61:6F:2C,-82
BLE,1656355493106123892,04:4D:44:40:9D:4E,-85
BLE,1656355493108190027,38:01:E8:6A:13:C0,-91
BLE,1656355493110531682,C0:F8:BB:9D:12:93,-64
BLE,1656355493142780839,79:12:FA:AB:23:D4,-83
BLE,1656355493154375467,2B:E8:F0:BE:6B:54,-65
BLE,1656355493175955513,47:60:5B:63:05:4D,-74
BLE,1656355493178181231,10:39:17:26:28:4D,-79
BLE,1656355493207078687,C0:F8:BB:9D:12:93,-69
BLE,1656355493217458165,60:BB:16:11:F4:A2,-91
BLE,1656355493244593547,3C:5E:A8:97:4D:43,-92
BLE,1656355493256156769,C8:69:CD:61:6F:2C,-84
BLE,1656355493259228576,C0:F8:BB:9D:12:93,-73
BLE,1656355493281854502,47:60:5B:63:05:4D,-74
BLE,1656355493287406088,63:D2:C2:21:FA:87,-77
BLE,1656355493288620509,04:4D:44:40:9D:4E,-85
BLE,1656355493291531379,D0:03:DF:C9:BE:CF,-80
BLE,1656355493309654047,C0:F8:BB:9D:12:93,-64
BLE,1656355493311876379,10:39:17:26:28:4D,-80
BLE,1656355493331552372,12:19:55:54:CB:13,-84
BLE,1656355493356624535,77:D3:E3:71:84:1F,-94
BLE,1656355493358168798,C0:F8:BB:9D:12:93,-64
BLE,1656355493361781332,68:ED:AF:4B:54:1E,-84
BLE,1656355493369471709,2B:E8:F0:BE:6B:54,-68
BLE,1656355493386208030,47:60:5B:63:05:4D,-71
BLE,1656355493407095214,C0:F8:BB:9D:12:93,-70
BLE,1656355493457691726,C0:F8:BB:9D:12:93,-73
BLE,1656355493466451942,40:CB:C0:CB:7F:B6,-88
BLE,1656355493471171345,04:4D:44:40:9D:4E,-86
BLE,1656355493474535077,60:BB:16:11:F4:A2,-89
BLE,1656355493492828525,79:12:FA:AB:23:D4,-91
BLE,1656355493510290259,C0:F8:BB:9D:12:93,-65
BLE,1656355493514668622,57:39:E4:32:C8:AE,-90
BLE,1656355493559132925,C0:F8:BB:9D:12:93,-64
BLE,1656355493573252436,2B:E8:F0:BE:6B:54,-68
BLE,1656355493600565786,47:60:5B:63:05:4D,-75
BLE,1656355493626555028,68:ED:AF:4B:54:1E,-89
BLE,1656355493628128197,C8:69:CD:61:6F:2C,-85
BLE,1656355493655765191,C0:F8:BB:9D:12:93,-68
BLE,1656355493673700463,2B:E8:F0:BE:6B:54,-66
BLE,1656355493696431701,10:39:17:26:28:4D,-79
BLE,1656355493708229245,C0:F8:BB:9D:12:93,-73
BLE,1656355493737739614,60:BB:16:11:F4:A2,-90
BLE,1656355493758730496,C0:F8:BB:9D:12:93,-65
BLE,1656355493776253584,2B:E8:F0:BE:6B:54,-68
BLE,1656355493809177478,C0:F8:BB:9D:12:93,-64
BLE,1656355493829576488,10:39:17:26:28:4D,-79
BLE,1656355493833050689,04:4D:44:40:9D:4E,-82
BLE,1656355493837356500,63:D2:C2:21:FA:87,-62
BLE,1656355493858698734,C0:F8:BB:9D:12:93,-69
BLE,1656355493879024464,2B:E8:F0:BE:6B:54,-67
BLE,1656355493895273703,12:19:55:54:CB:13,-83
BLE,1656355493907896139,C0:F8:BB:9D:12:93,-73
BLE,1656355493916807655,47:60:5B:63:05:4D,-74
BLE,1656355493923454028,03:42:52:01:B2:F9,-94
BLE,1656355493928099941,01:BC:1D:2E:7E:CA,-93
BLE,1656355493940358212,43:1A:7B:DE:EC:DA,-70
BLE,1656355493960277485,C0:F8:BB:9D:12:93,-65
BLE,1656355493963328198,10:39:17:26:28:4D,-79
BLE,1656355493984938348,2B:E8:F0:BE:6B:54,-65
BLE,1656355493991804563,C8:69:CD:61:6F:2C,-82
BLE,1656355494007770835,C0:F8:BB:9D:12:93,-65
BLE,1656355494014290385,04:4D:44:40:9D:4E,-81
BLE,1656355494073236437,3C:5E:A8:97:4D:43,-92
BLE,1656355494085810279,2B:E8:F0:BE:6B:54,-66
BLE,1656355494095987310,D0:03:DF:C9:BE:CF,-82
BLE,1656355494107392356,63:D2:C2:21:FA:87,-79
BLE,1656355494159915420,C0:F8:BB:9D:12:93,-72
BLE,1656355494190543857,77:D3:E3:71:84:1F,-95
BLE,1656355494210663858,C0:F8:BB:9D:12:93,-64
BLE,1656355494211513333,D0:03:DF:C9:BE:CF,-82
BLE,1656355494230759224,08:66:98:AD:B4:AD,-97
BLE,1656355494306256389,C0:F8:BB:9D:12:93,-69
BLE,1656355494337421699,47:60:5B:63:05:4D,-74
BLE,1656355494347519928,10:39:17:26:28:4D,-67
BLE,1656355494359160233,C0:F8:BB:9D:12:93,-73
BLE,1656355494371590117,D0:03:DF:C9:BE:CF,-83
BLE,1656355494384345000,63:D2:C2:21:FA:87,-76
BLE,1656355494400878092,68:ED:AF:4B:54:1E,-84
BLE,1656355494404469740,2B:E8:F0:BE:6B:54,-69
BLE,1656355494408947738,C0:F8:BB:9D:12:93,-72
BLE,1656355494437890871,47:60:5B:63:05:4D,-74
BLE,1656355494445630103,57:39:E4:32:C8:AE,-92
BLE,1656355494459667947,C0:F8:BB:9D:12:93,-64
BLE,1656355494473989541,03:42:52:01:B2:F9,-98
BLE,1656355494475543908,10:39:17:26:28:4D,-76
BLE,1656355494504897976,2B:E8:F0:BE:6B:54,-64
BLE,1656355494507875409,C0:F8:BB:9D:12:93,-69
BLE,1656355494543661840,47:60:5B:63:05:4D,-72
BLE,1656355494579499208,70:F8:8E:E9:46:C8,-86
BLE,1656355494602242113,10:39:17:26:28:4D,-73
BLE,1656355494610489675,C0:F8:BB:9D:12:93,-71
BLE,1656355494613162838,2B:E8:F0:BE:6B:54,-65
BLE,1656355494646926519,47:60:5B:63:05:4D,-71
BLE,1656355494655569287,63:D2:C2:21:FA:87,-62
BLE,1656355494659528694,C0:F8:BB:9D:12:93,-48
BLE,1656355494707177513,C0:F8:BB:9D:12:93,-65
BLE,1656355494712112748,2B:E8:F0:BE:6B:54,-67
BLE,1656355494727012984,C8:69:CD:61:6F:2C,-88
BLE,1656355494737232880,10:39:17:26:28:4D,-74
BLE,1656355494748127511,47:60:5B:63:05:4D,-75
BLE,1656355494756922362,C0:F8:BB:9D:12:93,-53
BLE,1656355494773193320,60:BB:16:11:F4:A2,-91
BLE,1656355494806009506,C0:F8:BB:9D:12:93,-68
BLE,1656355494815570447,3C:5E:A8:97:4D:43,-93
BLE,1656355494824523734,12:19:55:54:CB:13,-95
BLE,1656355494848700746,47:60:5B:63:05:4D,-71
BLE,1656355494860475738,C0:F8:BB:9D:12:93,-48
BLE,1656355494907456330,C8:69:CD:61:6F:2C,-85
BLE,1656355494929542728,40:CB:C0:CB:7F:B6,-87
BLE,1656355494934889679,63:D2:C2:21:FA:87,-79
BLE,1656355494951003607,47:60:5B:63:05:4D,-74
BLE,1656355495003440682,57:39:E4:32:C8:AE,-91
BLE,1656355495006808009,C0:F8:BB:9D:12:93,-70
BLE,1656355495022431002,2B:E8:F0:BE:6B:54,-64
BLE,1656355495024991770,60:BB:16:11:F4:A2,-88
BLE,1656355495058125611,C0:F8:BB:9D:12:93,-72
BLE,1656355495059812946,47:60:5B:63:05:4D,-73
BLE,1656355495110734091,C0:F8:BB:9D:12:93,-64
BLE,1656355495111184922,04:4D:44:40:9D:4E,-86
BLE,1656355495124651989,10:39:17:26:28:4D,-73
BLE,1656355495126305834,2B:E8:F0:BE:6B:54,-69
BLE,1656355495164973553,47:60:5B:63:05:4D,-70
BLE,1656355495206172352,C0:F8:BB:9D:12:93,-69
BLE,1656355495230870351,2B:E8:F0:BE:6B:54,-66
BLE,1656355495256025534,10:39:17:26:28:4D,-73
BLE,1656355495258305418,C0:F8:BB:9D:12:93,-73
BLE,1656355495269349581,47:60:5B:63:05:4D,-58
BLE,1656355495273105447,C8:69:CD:61:6F:2C,-81
BLE,1656355495278150213,60:BB:16:11:F4:A2,-87
BLE,1656355495295567050,04:4D:44:40:9D:4E,-82
BLE,1656355495307066887,C0:F8:BB:9D:12:93,-73
BLE,1656355495336015177,D0:03:DF:C9:BE:CF,-83
BLE,1656355495360945361,C0:F8:BB:9D:12:93,-65
BLE,1656355495387263299,10:39:17:26:28:4D,-73
BLE,1656355495437554969,2B:E8:F0:BE:6B:54,-69
BLE,1656355495445566074,3C:5E:A8:97:4D:43,-92
BLE,1656355495457816584,C0:F8:BB:9D:12:93,-68
BLE,1656355495476814195,04:4D:44:40:9D:4E,-70
BLE,1656355495478183198,47:60:5B:63:05:4D,-56
BLE,1656355495508091535,C0:F8:BB:9D:12:93,-73
BLE,1656355495540605014,2B:E8:F0:BE:6B:54,-65
BLE,1656355495561613760,12:19:55:54:CB:13,-84
BLE,1656355495569721792,57:39:E4:32:C8:AE,-92
BLE,1656355495581840792,47:60:5B:63:05:4D,-74
BLE,1656355495640847157,2B:E8:F0:BE:6B:54,-69
BLE,1656355495645607393,10:39:17:26:28:4D,-75
BLE,1656355495655847288,C0:F8:BB:9D:12:93,-69
BLE,1656355495658132433,04:4D:44:40:9D:4E,-81
BLE,1656355495687374887,47:60:5B:63:05:4D,-74
BLE,1656355495760337899,C0:F8:BB:9D:12:93,-65
BLE,1656355495764890167,63:D2:C2:21:FA:87,-80
BLE,1656355495772233098,10:39:17:26:28:4D,-74
BLE,1656355495788532181,47:60:5B:63:05:4D,-74
BLE,1656355495789973580,60:BB:16:11:F4:A2,-87
BLE,1656355495810257695,C0:F8:BB:9D:12:93,-66
BLE,1656355495857776879,C0:F8:BB:9D:12:93,-71
BLE,1656355495889541820,47:60:5B:63:05:4D,-73
BLE,1656355495907260635,10:39:17:26:28:4D,-73
BLE,1656355495919066252,D0:03:DF:C9:BE:CF,-81
BLE,1656355495943162431,68:ED:AF:4B:54:1E,-89
BLE,1656355495965541014,79:12:FA:AB:23:D4,-95
BLE,1656355495985834504,43:1A:7B:DE:EC:DA,-70
BLE,1656355496010316618,C0:F8:BB:9D:12:93,-66
BLE,1656355496024497691,04:4D:44:40:9D:4E,-84
BLE,1656355496079191109,3C:5E:A8:97:4D:43,-90
BLE,1656355496108233720,C0:F8:BB:9D:12:93,-69
BLE,1656355496158440495,C0:F8:BB:9D:12:93,-73
BLE,1656355496161939956,10:39:17:26:28:4D,-74
BLE,1656355496163247449,2B:E8:F0:BE:6B:54,-69
BLE,1656355496205759054,04:4D:44:40:9D:4E,-84
BLE,1656355496259344248,C0:F8:BB:9D:12:93,-65
BLE,1656355496263388082,2B:E8:F0:BE:6B:54,-67
BLE,1656355496289740916,10:39:17:26:28:4D,-73
BLE,1656355496304002874,60:BB:16:11:F4:A2,-90
BLE,1656355496358982748,C0:F8:BB:9D:12:93,-70
BLE,1656355496373843453,2B:E8:F0:BE:6B:54,-65
BLE,1656355496376883855,C8:69:CD:61:6F:2C,-81
BLE,1656355496403146376,47:60:5B:63:05:4D,-71
BLE,1656355496408466870,C0:F8:BB:9D:12:93,-73
BLE,1656355496416050112,D0:03:DF:C9:BE:CF,-83
BLE,1656355496459984366,C0:F8:BB:9D:12:93,-65
BLE,1656355496537050534,70:F8:8E:E9:46:C8,-93
BLE,1656355496549599688,43:1A:7B:DE:EC:DA,-84
BLE,1656355496553083837,10:39:17:26:28:4D,-79
BLE,1656355496558418081,C0:F8:BB:9D:12:93,-69
BLE,1656355496573721284,04:4D:44:40:9D:4E,-86
BLE,1656355496578627144,63:D2:C2:21:FA:87,-80
BLE,1656355496609510319,C0:F8:BB:9D:12:93,-73
BLE,1656355496658862566,C0:F8:BB:9D:12:93,-72
BLE,1656355496661660104,EB:D0:D7:6B:B4:B6,-89
BLE,1656355496676086645,79:12:FA:AB:23:D4,-89
BLE,1656355496683173327,2B:E8:F0:BE:6B:54,-65
BLE,1656355496686243259,10:39:17:26:28:4D,-79
BLE,1656355496688672830,57:39:E4:32:C8:AE,-89
BLE,1656355496709852253,C0:F8:BB:9D:12:93,-65
BLE,1656355496719096737,68:ED:AF:4B:54:1E,-83
BLE,1656355496744055932,C8:69:CD:61:6F:2C,-85
BLE,1656355496758234870,04:4D:44:40:9D:4E,-81
BLE,1656355496785857905,2B:E8:F0:BE:6B:54,-67
BLE,1656355496805767803,C0:F8:BB:9D:12:93,-54
BLE,1656355496814407655,10:39:17:26:28:4D,-74
BLE,1656355496819761221,47:60:5B:63:05:4D,-74
BLE,1656355496821610691,3C:5E:A8:97:4D:43,-92
BLE,1656355496843138341,0A:78:2F:16:8B:F1,-86
BLE,1656355496888859200,2B:E8:F0:BE:6B:54,-65
BLE,1656355496909154148,C0:F8:BB:9D:12:93,-48
BLE,1656355496917492335,53:FF:7C:8F:2A:7A,-94
BLE,1656355496925308493,C8:69:CD:61:6F:2C,-85
BLE,1656355496926922339,47:60:5B:63:05:4D,-73
BLE,1656355496942934548,04:4D:44:40:9D:4E,-82
BLE,1656355496946938382,10:39:17:26:28:4D,-73
BLE,1656355496957922701,C0:F8:BB:9D:12:93,-65
BLE,1656355496994552409,2B:E8:F0:BE:6B:54,-69
BLE,1656355497006199172,C0:F8:BB:9D:12:93,-69
BLE,1656355497029451501,47:60:5B:63:05:4D,-71
BLE,1656355497052127843,12:19:55:54:CB:13,-92
BLE,1656355497097827453,2B:E8:F0:BE:6B:54,-67
BLE,1656355497106040588,C8:69:CD:61:6F:2C,-83
BLE,1656355497110358534,C0:F8:BB:9D:12:93,-65
BLE,1656355497115285644,3C:5E:A8:97:4D:43,-92
BLE,1656355497136727253,63:D2:C2:21:FA:87,-84
BLE,1656355497157797041,C0:F8:BB:9D:12:93,-65
BLE,1656355497199013705,2B:E8:F0:BE:6B:54,-67
BLE,1656355497204424407,10:39:17:26:28:4D,-79
BLE,1656355497224076910,3C:5E:A8:97:4D:43,-90
BLE,1656355497241105208,47:60:5B:63:05:4D,-74
BLE,1656355497258319495,C0:F8:BB:9D:12:93,-69
BLE,1656355497290801933,C8:69:CD:61:6F:2C,-85
BLE,1656355497293538169,40:CB:C0:CB:7F:B6,-87
BLE,1656355497302125885,2B:E8:F0:BE:6B:54,-68
BLE,1656355497307741481,C0:F8:BB:9D:12:93,-73
BLE,1656355497335919566,60:BB:16:11:F4:A2,-90
BLE,1656355497338195492,10:39:17:26:28:4D,-78
BLE,1656355497359683455,C0:F8:BB:9D:12:93,-64
BLE,1656355497410461320,2B:E8:F0:BE:6B:54,-67
BLE,1656355497415279472,63:D2:C2:21:FA:87,-83
BLE,1656355497431484129,3C:5E:A8:97:4D:43,-90
BLE,1656355497457747848,C0:F8:BB:9D:12:93,-69
BLE,1656355497464754583,10:39:17:26:28:4D,-74
BLE,1656355497479361800,43:1A:7B:DE:EC:DA,-95
BLE,1656355497490791429,04:4D:44:40:9D:4E,-85
BLE,1656355497494624066,68:ED:AF:4B:54:1E,-91
BLE,1656355497505900883,C0:F8:BB:9D:12:93,-69
BLE,1656355497518737119,2B:E8:F0:BE:6B:54,-65
BLE,1656355497556118907,47:60:5B:63:05:4D,-74
BLE,1656355497591934348,60:BB:16:11:F4:A2,-88
BLE,1656355497609685768,C0:F8:BB:9D:12:93,-65
BLE,1656355497625180011,2B:E8:F0:BE:6B:54,-53
BLE,1656355497656291206,C8:69:CD:61:6F:2C,-88
BLE,1656355497673717731,04:4D:44:40:9D:4E,-86
BLE,1656355497705844390,C0:F8:BB:9D:12:93,-69
BLE,1656355497725994964,10:39:17:26:28:4D,-73
BLE,1656355497733837996,2B:E8:F0:BE:6B:54,-69
BLE,1656355497745278459,3C:5E:A8:97:4D:43,-89
BLE,1656355497757292043,C0:F8:BB:9D:12:93,-73
BLE,1656355497761238221,47:60:5B:63:05:4D,-73
BLE,1656355497766577412,D0:03:DF:C9:BE:CF,-82
BLE,1656355497810405469,C0:F8:BB:9D:12:93,-64
BLE,1656355497839416205,C8:69:CD:61:6F:2C,-82
BLE,1656355497857030490,43:1A:7B:DE:EC:DA,-83
BLE,1656355497865000137,47:60:5B:63:05:4D,-71
BLE,1656355497906023885,C0:F8:BB:9D:12:93,-67
BLE,1656355497944489938,2B:E8:F0:BE:6B:54,-66
BLE,1656355497946959769,0A:78:2F:16:8B:F1,-87
BLE,1656355497965862641,38:01:E8:6A:13:C0,-90
BLE,1656355497970454961,47:60:5B:63:05:4D,-74
BLE,1656355497990007882,10:39:17:26:28:4D,-79
BLE,1656355497999576531,57:39:E4:32:C8:AE,-93
BLE,1656355498007507219,C0:F8:BB:9D:12:93,-73
BLE,1656355498025330618,C8:69:CD:61:6F:2C,-84
BLE,1656355498051515431,2B:E8:F0:BE:6B:54,-69
BLE,1656355498123755530,10:39:17:26:28:4D,-79
BLE,1656355498154200947,2B:E8:F0:BE:6B:54,-67
BLE,1656355498155997761,C0:F8:BB:9D:12:93,-69
BLE,1656355498157679731,38:01:E8:6A:13:C0,-94
BLE,1656355498170467999,12:19:55:54:CB:13,-86
BLE,1656355498209010249,C0:F8:BB:9D:12:93,-74
BLE,1656355498225425061,04:4D:44:40:9D:4E,-81
BLE,1656355498253502313,10:39:17:26:28:4D,-75
BLE,1656355498271213993,68:ED:AF:4B:54:1E,-84
BLE,1656355498283156901,47:60:5B:63:05:4D,-74
BLE,1656355498357103501,C0:F8:BB:9D:12:93,-69
BLE,1656355498360867544,2B:E8:F0:BE:6B:54,-67
BLE,1656355498383908832,47:60:5B:63:05:4D,-71
BLE,1656355498386023040,10:39:17:26:28:4D,-74
BLE,1656355498390265571,C8:69:CD:61:6F:2C,-85
BLE,1656355498405626950,C0:F8:BB:9D:12:93,-69
BLE,1656355498416136219,D0:03:DF:C9:BE:CF,-82
BLE,1656355498458456471,C0:F8:BB:9D:12:93,-73
BLE,1656355498466342837,2B:E8:F0:BE:6B:54,-64
BLE,1656355498484806493,47:60:5B:63:05:4D,-74
BLE,1656355498509435325,03:42:52:01:B2:F9,-96
BLE,1656355498513493325,10:39:17:26:28:4D,-73
BLE,1656355498533306400,38:01:E8:6A:13:C0,-89
BLE,1656355498574124368,40:CB:C0:CB:7F:B6,-87
BLE,1656355498596251442,04:4D:44:40:9D:4E,-86
BLE,1656355498597811539,3C:5E:A8:97:4D:43,-90
BLE,1656355498607787217,C0:F8:BB:9D:12:93,-69
BLE,1656355498629878926,60:BB:16:11:F4:A2,-87
BLE,1656355498645505669,10:39:17:26:28:4D,-79
BLE,1656355498656259573,C0:F8:BB:9D:12:93,-73
BLE,1656355498663749430,EB:D0:D7:6B:B4:B6,-90
BLE,1656355498678348209,2B:E8:F0:BE:6B:54,-69
BLE,1656355498697505559,47:60:5B:63:05:4D,-71
BLE,1656355498753443398,C8:69:CD:61:6F:2C,-85
BLE,1656355498758139155,C0:F8:BB:9D:12:93,-65
BLE,1656355498784706779,2B:E8:F0:BE:6B:54,-67
BLE,1656355498798573218,47:60:5B:63:05:4D,-74
BLE,1656355498807912077,C0:F8:BB:9D:12:93,-67
BLE,1656355498825940057,31:9E:B0:0B:16:D4,-95
BLE,1656355498855943654,C0:F8:BB:9D:12:93,-68
BLE,1656355498866883493,0A:78:2F:16:8B:F1,-87
BLE,1656355498885191004,2B:E8:F0:BE:6B:54,-69
BLE,1656355498901041496,10:39:17:26:28:4D,-74
BLE,1656355498910355354,C0:F8:BB:9D:12:93,-65
BLE,1656355498932457012,57:39:E4:32:C8:AE,-90
BLE,1656355498934977259,C8:69:CD:61:6F:2C,-87
BLE,1656355498963500082,C0:F8:BB:9D:12:93,-48
BLE,1656355498994407163,2B:E8:F0:BE:6B:54,-69
BLE,1656355499009542398,C0:F8:BB:9D:12:93,-67
BLE,1656355499048462355,0A:78:2F:16:8B:F1,-87
BLE,1656355499057075644,C0:F8:BB:9D:12:93,-68
BLE,1656355499057779338,63:D2:C2:21:FA:87,-69
BLE,1656355499098329547,2B:E8:F0:BE:6B:54,-65
BLE,1656355499106496224,C0:F8:BB:9D:12:93,-73
BLE,1656355499111155731,47:60:5B:63:05:4D,-73
BLE,1656355499116150029,C8:69:CD:61:6F:2C,-85
BLE,1656355499122046978,57:39:E4:32:C8:AE,-90
BLE,1656355499143132182,04:4D:44:40:9D:4E,-82
BLE,1656355499145363837,60:BB:16:11:F4:A2,-87
BLE,1656355499159519182,C0:F8:BB:9D:12:93,-66
BLE,1656355499162915102,10:39:17:26:28:4D,-79
BLE,1656355499199530070,2B:E8:F0:BE:6B:54,-68
BLE,1656355499218143517,47:60:5B:63:05:4D,-73
BLE,1656355499258514612,C0:F8:BB:9D:12:93,-67
BLE,1656355499295055102,10:39:17:26:28:4D,-79
BLE,1656355499304026150,2B:E8:F0:BE:6B:54,-67
BLE,1656355499305784526,C0:F8:BB:9D:12:93,-69
BLE,1656355499326894105,47:60:5B:63:05:4D,-71
BLE,1656355499356680411,C0:F8:BB:9D:12:93,-74
BLE,1656355499408260147,2B:E8:F0:BE:6B:54,-65
BLE,1656355499424682354,10:39:17:26:28:4D,-74
BLE,1656355499430555658,47:60:5B:63:05:4D,-73
BLE,1656355499507696044,C0:F8:BB:9D:12:93,-68
BLE,1656355499511431389,2B:E8:F0:BE:6B:54,-68
BLE,1656355499521435609,D9:D1:A3:34:FA:12,-93
BLE,1656355499531228840,47:60:5B:63:05:4D,-71
BLE,1656355499544959603,3C:5E:A8:97:4D:43,-90
BLE,1656355499549739370,68:ED:AF:4B:54:1E,-83
BLE,1656355499552146805,10:39:17:26:28:4D,-74
BLE,1656355499556457565,C0:F8:BB:9D:12:93,-73
BLE,1656355499609865312,C0:F8:BB:9D:12:93,-65
BLE,1656355499616527205,2B:E8:F0:BE:6B:54,-67
BLE,1656355499632311134,47:60:5B:63:05:4D,-73
BLE,1656355499652991601,60:BB:16:11:F4:A2,-92
BLE,1656355499655807785,38:01:E8:6A:13:C0,-92
BLE,1656355499677389185,57:39:E4:32:C8:AE,-91
BLE,1656355499685899974,10:39:17:26:28:4D,-73
BLE,1656355499690741356,77:D3:E3:71:84:1F,-88
BLE,1656355499698656003,04:4D:44:40:9D:4E,-87
BLE,1656355499739804542,47:60:5B:63:05:4D,-73
BLE,1656355499756553831,C0:F8:BB:9D:12:93,-68
BLE,1656355499757525597,C0:F8:BB:9D:12:93,-74
BLE,1656355499805960713,C0:F8:BB:9D:12:93,-74
BLE,1656355499813070156,68:ED:AF:4B:54:1E,-82
BLE,1656355499818467160,10:39:17:26:28:4D,-73
BLE,1656355499833224636,2B:E8:F0:BE:6B:54,-66
BLE,1656355499843145054,C8:69:CD:61:6F:2C,-82
BLE,1656355499883930053,04:4D:44:40:9D:4E,-72
BLE,1656355499924163649,D0:03:DF:C9:BE:CF,-82
BLE,1656355499932206994,2B:E8:F0:BE:6B:54,-68
BLE,1656355499953775946,47:60:5B:63:05:4D,-71
BLE,1656355499956875826,C0:F8:BB:9D:12:93,-69
BLE,1656355499970679869,0A:78:2F:16:8B:F1,-86
BLE,1656355500009446806,C0:F8:BB:9D:12:93,-73