BLE,1657108898376438348,C0:F8:BB:9D:12:93,-40
BLE,1657108898394692931,5E:CA:E0:EB:A8:66,-86
BLE,1657108898396876316,47:60:66:E1:9F:89,-83
BLE,1657108898403056316,5A:A2:3B:70:A4:8F,-77
BLE,1657108898414643243,27:64:21:BF:42:2D,-86
BLE,1657108898426002202,C0:F8:BB:9D:12:93,-51
BLE,1657108898432259598,30:F2:61:26:73:5D,-77
BLE,1657108898447551681,62:D0:D5:29:D2:DB,-93
BLE,1657108898452716837,C8:69:CD:61:6F:2C,-79
BLE,1657108898456365275,04:4D:44:40:9D:4E,-79
BLE,1657108898462879077,6B:E8:E3:43:DE:64,-88
BLE,1657108898480161785,1D:46:55:0E:27:A7,-87
BLE,1657108898483944754,34:A2:D2:91:94:31,-88
BLE,1657108898489173243,40:CB:C0:CB:7F:B6,-89
BLE,1657108898494075848,08:66:98:AD:B4:AD,-88
BLE,1657108898501915066,DF:A6:DC:DC:2E:81,-46
BLE,1657108898522949545,C0:F8:BB:9D:12:93,-54
BLE,1657108898547366889,61:FB:A2:E3:F5:B6,-87
BLE,1657108898575828608,C0:F8:BB:9D:12:93,-54
BLE,1657108898587175900,5A:A2:3B:70:A4:8F,-93
BLE,1657108898605568712,DF:A6:DC:DC:2E:81,-54
BLE,1657108898626061264,C0:F8:BB:9D:12:93,-51
BLE,1657108898629869285,62:D0:D5:29:D2:DB,-79
BLE,1657108898635124181,C8:69:CD:61:6F:2C,-79
BLE,1657108898639155170,10:C8:33:07:B3:01,-49
BLE,1657108898645085379,D0:03:DF:C9:BE:CF,-70
BLE,1657108898646698295,D0:03:DF:C9:BE:CF,-76
BLE,1657108898666518660,47:60:66:E1:9F:89,-83
BLE,1657108898670751160,0A:78:2F:16:8B:F1,-78
BLE,1657108898710927306,DF:A6:DC:DC:2E:81,-51
BLE,1657108898723535118,C0:F8:BB:9D:12:93,-54
BLE,1657108898782984025,33:8B:04:ED:F8:EE,-92
BLE,1657108898816387045,C8:69:CD:61:6F:2C,-80
BLE,1657108898820531733,04:4D:44:40:9D:4E,-81
BLE,1657108898822289962,C0:F8:BB:9D:12:93,-54
BLE,1657108898852240743,10:C8:33:07:B3:01,-40
BLE,1657108898858563608,40:CB:C0:CB:7F:B6,-90
BLE,1657108898866404806,50:59:FD:49:C0:F2,-81
BLE,1657108898877273087,C0:F8:BB:9D:12:93,-51
BLE,1657108898897519181,66:70:6B:DC:32:DD,-93
BLE,1657108898916263972,DF:A6:DC:DC:2E:81,-52
BLE,1657108898918366993,5E:CA:E0:EB:A8:66,-89
BLE,1657108898936703764,47:60:66:E1:9F:89,-82
BLE,1657108898954240639,10:C8:33:07:B3:01,-49
BLE,1657108898967145066,D0:03:DF:C9:BE:CF,-76
BLE,1657108898970805795,27:64:21:BF:42:2D,-83
BLE,1657108898973951264,C0:F8:BB:9D:12:93,-40
BLE,1657108898997349649,30:F2:61:26:73:5D,-85
BLE,1657108899003204858,04:4D:44:40:9D:4E,-82
BLE,1657108899008534129,6B:E8:E3:43:DE:64,-77
BLE,1657108899019833347,DF:A6:DC:DC:2E:81,-60
BLE,1657108899024611629,C0:F8:BB:9D:12:93,-56
BLE,1657108899036911160,D0:55:35:46:16:95,-89
BLE,1657108899038623556,40:CB:C0:CB:7F:B6,-96
BLE,1657108899057189858,10:C8:33:07:B3:01,-42
BLE,1657108899088773868,11:74:8F:63:FD:65,-78
BLE,1657108899123637722,C0:F8:BB:9D:12:93,-51
BLE,1657108899127033295,DF:A6:DC:DC:2E:81,-45
BLE,1657108899160442201,10:C8:33:07:B3:01,-49
BLE,1657108899172201837,C0:F8:BB:9D:12:93,-40
BLE,1657108899179602983,C8:69:CD:61:6F:2C,-82
BLE,1657108899184148972,04:4D:44:40:9D:4E,-71
BLE,1657108899226107462,C0:F8:BB:9D:12:93,-54
BLE,1657108899237410535,DF:A6:DC:DC:2E:81,-38
BLE,1657108899269189337,10:C8:33:07:B3:01,-50
BLE,1657108899271156629,11:74:8F:63:FD:65,-89
BLE,1657108899276570379,C0:F8:BB:9D:12:93,-51
BLE,1657108899282117097,6B:E8:E3:43:DE:64,-91
BLE,1657108899287407931,D0:55:35:46:16:95,-79
BLE,1657108899325237514,C0:F8:BB:9D:12:93,-35
BLE,1657108899327704285,D0:03:DF:C9:BE:CF,-77
BLE,1657108899332586681,D0:03:DF:C9:BE:CF,-76
BLE,1657108899364870795,C8:69:CD:61:6F:2C,-71
BLE,1657108899368270639,04:4D:44:40:9D:4E,-61
BLE,1657108899379092826,50:59:FD:49:C0:F2,-72
BLE,1657108899423901108,1D:46:55:0E:27:A7,-86
BLE,1657108899428261160,5E:CA:E0:EB:A8:66,-71
BLE,1657108899430137670,34:A2:D2:91:94:31,-78
BLE,1657108899457271889,DF:A6:DC:DC:2E:81,-56
BLE,1657108899472579024,C0:F8:BB:9D:12:93,-56
BLE,1657108899476630483,10:C8:33:07:B3:01,-50
BLE,1657108899504246993,33:8B:04:ED:F8:EE,-91
BLE,1657108899510423139,56:E6:E2:47:1E:0B,-87
BLE,1657108899516899597,5A:A2:3B:70:A4:8F,-86
BLE,1657108899522719285,C0:F8:BB:9D:12:93,-54
BLE,1657108899540927826,D0:55:35:46:16:95,-85
BLE,1657108899546895691,C8:69:CD:61:6F:2C,-74
BLE,1657108899549484649,04:4D:44:40:9D:4E,-61
BLE,1657108899563512931,DF:A6:DC:DC:2E:81,-37
BLE,1657108899573423035,C0:F8:BB:9D:12:93,-52
BLE,1657108899592168139,0A:78:2F:16:8B:F1,-89
BLE,1657108899614221733,33:8B:04:ED:F8:EE,-93
BLE,1657108899625079180,C0:F8:BB:9D:12:93,-54
BLE,1657108899627266160,5B:70:ED:21:18:F0,-77
BLE,1657108899639713868,50:59:FD:49:C0:F2,-71
BLE,1657108899647289441,C0:33:AD:AB:CF:0B,-87
BLE,1657108899676464805,C0:F8:BB:9D:12:93,-40
BLE,1657108899691912722,10:C8:33:07:B3:01,-35
BLE,1657108899708142305,5A:A2:3B:70:A4:8F,-86
BLE,1657108899728613451,C8:69:CD:61:6F:2C,-74
BLE,1657108899730828764,04:4D:44:40:9D:4E,-74
BLE,1657108899746126368,30:F2:61:26:73:5D,-85
BLE,1657108899767315118,08:66:98:AD:B4:AD,-89
BLE,1657108899776789389,C0:F8:BB:9D:12:93,-51
BLE,1657108899799722410,10:C8:33:07:B3:01,-41
BLE,1657108899824023868,C0:F8:BB:9D:12:93,-40
BLE,1657108899873341837,C0:F8:BB:9D:12:93,-53
BLE,1657108899878773399,DF:A6:DC:DC:2E:81,-51
BLE,1657108899890190274,5A:A2:3B:70:A4:8F,-89
BLE,1657108899895390743,50:59:FD:49:C0:F2,-72
BLE,1657108899910987462,C8:69:CD:61:6F:2C,-74
BLE,1657108899914832201,61:FB:A2:E3:F5:B6,-77
BLE,1657108899923879441,C0:F8:BB:9D:12:93,-54
BLE,1657108899933919024,5E:CA:E0:EB:A8:66,-87
BLE,1657108899938667566,30:F2:61:26:73:5D,-78
BLE,1657108899953139285,08:66:98:AD:B4:AD,-85
BLE,1657108899954738035,40:CB:C0:CB:7F:B6,-90
BLE,1657108899974305482,C0:F8:BB:9D:12:93,-50
BLE,1657108900001020587,66:70:6B:DC:32:DD,-94
BLE,1657108900006903087,10:C8:33:07:B3:01,-50
BLE,1657108900007808503,D0:03:DF:C9:BE:CF,-75
BLE,1657108900016278139,D0:03:DF:C9:BE:CF,-70
BLE,1657108900020253816,47:60:66:E1:9F:89,-86
BLE,1657108900072345951,C0:F8:BB:9D:12:93,-40
BLE,1657108900082317045,27:64:21:BF:42:2D,-85
BLE,1657108900088089753,DF:A6:DC:DC:2E:81,-55
BLE,1657108900090184076,EF:07:FC:36:3B:CD,-86
BLE,1657108900091684909,C8:69:CD:61:6F:2C,-73
BLE,1657108900098340118,6B:E8:E3:43:DE:64,-89
BLE,1657108900109747670,10:C8:33:07:B3:01,-38
BLE,1657108900122363607,30:F2:61:26:73:5D,-89
BLE,1657108900158989284,50:59:FD:49:C0:F2,-71
BLE,1657108900173892670,C0:F8:BB:9D:12:93,-55
BLE,1657108900184842618,5E:CA:E0:EB:A8:66,-81
BLE,1657108900217489232,10:C8:33:07:B3:01,-50
BLE,1657108900226344597,C0:F8:BB:9D:12:93,-51
BLE,1657108900269456003,5A:A2:3B:70:A4:8F,-89
BLE,1657108900274682514,C0:F8:BB:9D:12:93,-55
BLE,1657108900294737618,DF:A6:DC:DC:2E:81,-55
BLE,1657108900307345847,30:F2:61:26:73:5D,-85
BLE,1657108900316665222,08:66:98:AD:B4:AD,-87
BLE,1657108900321028607,10:C8:33:07:B3:01,-50
BLE,1657108900323781159,C0:F8:BB:9D:12:93,-55
BLE,1657108900332951732,D0:03:DF:C9:BE:CF,-70
BLE,1657108900369433659,D0:03:DF:C9:BE:CF,-76
BLE,1657108900374878139,C0:F8:BB:9D:12:93,-54
BLE,1657108900376195430,11:74:8F:63:FD:65,-75
BLE,1657108900425341472,10:C8:33:07:B3:01,-40
BLE,1657108900426954545,6A:65:53:7C:98:3D,-93
BLE,1657108900444541159,5E:CA:E0:EB:A8:66,-82
BLE,1657108900446826941,56:E6:E2:47:1E:0B,-92
BLE,1657108900448814597,27:64:21:BF:42:2D,-86
BLE,1657108900458577149,61:FB:A2:E3:F5:B6,-88
BLE,1657108900462127982,C8:69:CD:61:6F:2C,-80
BLE,1657108900464357774,04:4D:44:40:9D:4E,-81
BLE,1657108900474382149,C0:F8:BB:9D:12:93,-51
BLE,1657108900497576524,08:66:98:AD:B4:AD,-86
BLE,1657108900521879128,C0:F8:BB:9D:12:93,-55
BLE,1657108900527325013,10:C8:33:07:B3:01,-49
BLE,1657108900561989128,D0:55:35:46:16:95,-92
BLE,1657108900563890170,47:60:66:E1:9F:89,-88
BLE,1657108900572572409,C0:F8:BB:9D:12:93,-56
BLE,1657108900600986784,DF:A6:DC:DC:2E:81,-52
BLE,1657108900622457461,C0:F8:BB:9D:12:93,-55
BLE,1657108900629045222,10:C8:33:07:B3:01,-39
BLE,1657108900638838138,56:E6:E2:47:1E:0B,-88
BLE,1657108900644665274,C8:69:CD:61:6F:2C,-82
BLE,1657108900646312722,70:2A:C8:48:E8:D8,-89
BLE,1657108900649556836,04:4D:44:40:9D:4E,-74
BLE,1657108900670472201,50:59:FD:49:C0:F2,-82
BLE,1657108900671423034,50:59:FD:49:C0:F2,-71
BLE,1657108900674459857,C0:F8:BB:9D:12:93,-51
BLE,1657108900684911263,30:F2:61:26:73:5D,-78
BLE,1657108900688373816,40:CB:C0:CB:7F:B6,-90
BLE,1657108900696474180,5E:CA:E0:EB:A8:66,-76
BLE,1657108900703907513,DF:A6:DC:DC:2E:81,-46
BLE,1657108900707040847,D0:03:DF:C9:BE:CF,-76
BLE,1657108900721395482,0C:D3:E0:49:36:5C,-93
BLE,1657108900724446993,C0:F8:BB:9D:12:93,-41
BLE,1657108900728625795,61:FB:A2:E3:F5:B6,-90
BLE,1657108900731722201,10:C8:33:07:B3:01,-50
BLE,1657108900740560743,11:74:8F:63:FD:65,-86
BLE,1657108900748623138,5B:70:ED:21:18:F0,-87
BLE,1657108900765458503,33:8B:04:ED:F8:EE,-91
BLE,1657108900774401524,C0:F8:BB:9D:12:93,-54
BLE,1657108900814477670,D0:55:35:46:16:95,-88
BLE,1657108900827477149,C8:69:CD:61:6F:2C,-82
BLE,1657108900833401993,04:4D:44:40:9D:4E,-73
BLE,1657108900868612774,30:F2:61:26:73:5D,-84
BLE,1657108900874497149,0A:78:2F:16:8B:F1,-88
BLE,1657108900913426888,6B:E8:E3:43:DE:64,-75
BLE,1657108900917274909,20:18:33:99:7B:28,-81
BLE,1657108900921040222,DF:A6:DC:DC:2E:81,-55
BLE,1657108900938092097,10:C8:33:07:B3:01,-35
BLE,1657108900951027722,5E:CA:E0:EB:A8:66,-72
BLE,1657108900972765065,C0:F8:BB:9D:12:93,-41
BLE,1657108900979739232,20:18:33:99:7B:28,-80
BLE,1657108901002159024,27:64:21:BF:42:2D,-73
BLE,1657108901005856836,61:FB:A2:E3:F5:B6,-76
BLE,1657108901009479180,C8:69:CD:61:6F:2C,-73
BLE,1657108901014651524,04:4D:44:40:9D:4E,-61
BLE,1657108901024798347,C0:F8:BB:9D:12:93,-55
BLE,1657108901027272982,DF:A6:DC:DC:2E:81,-37
BLE,1657108901046738920,D0:03:DF:C9:BE:CF,-57
BLE,1657108901050547357,40:CB:C0:CB:7F:B6,-90
BLE,1657108901054345951,30:F2:61:26:73:5D,-77
BLE,1657108901055653867,0A:78:2F:16:8B:F1,-90
BLE,1657108901072293503,20:18:33:99:7B:28,-84
BLE,1657108901104177201,11:74:8F:63:FD:65,-87
BLE,1657108901124022670,C0:F8:BB:9D:12:93,-51
BLE,1657108901148546315,10:C8:33:07:B3:01,-39
BLE,1657108901164798815,20:18:33:99:7B:28,-95
BLE,1657108901182665638,50:59:FD:49:C0:F2,-81
BLE,1657108901183663711,6A:65:53:7C:98:3D,-88
BLE,1657108901186926211,33:8B:04:ED:F8:EE,-92
BLE,1657108901190729440,C8:69:CD:61:6F:2C,-61
BLE,1657108901198230690,56:E6:E2:47:1E:0B,-88
BLE,1657108901213347409,5E:CA:E0:EB:A8:66,-88
BLE,1657108901225314128,C0:F8:BB:9D:12:93,-55
BLE,1657108901231477617,DF:A6:DC:DC:2E:81,-52
BLE,1657108901236990742,40:CB:C0:CB:7F:B6,-88
BLE,1657108901239211472,30:F2:61:26:73:5D,-90
BLE,1657108901273183294,C0:F8:BB:9D:12:93,-55
BLE,1657108901322471211,C0:F8:BB:9D:12:93,-55
BLE,1657108901328671419,D0:55:35:46:16:95,-93
BLE,1657108901335666263,DF:A6:DC:DC:2E:81,-60
BLE,1657108901354555378,20:18:33:99:7B:28,-94
BLE,1657108901361764753,D0:03:DF:C9:BE:CF,-70
BLE,1657108901367089076,27:64:21:BF:42:2D,-85
BLE,1657108901374544284,C0:F8:BB:9D:12:93,-51
BLE,1657108901379716055,47:60:66:E1:9F:89,-86
BLE,1657108901381361888,04:4D:44:40:9D:4E,-80
BLE,1657108901384509544,5A:A2:3B:70:A4:8F,-86
BLE,1657108901389442721,33:8B:04:ED:F8:EE,-96
BLE,1657108901416700326,08:66:98:AD:B4:AD,-86
BLE,1657108901418175326,0A:78:2F:16:8B:F1,-90
BLE,1657108901429866471,30:F2:61:26:73:5D,-86
BLE,1657108901449281055,10:C8:33:07:B3:01,-49
BLE,1657108901458880221,6B:E8:E3:43:DE:64,-89
BLE,1657108901461132774,0C:D3:E0:49:36:5C,-92
BLE,1657108901468579909,5E:CA:E0:EB:A8:66,-82
BLE,1657108901474764076,C0:F8:BB:9D:12:93,-55
BLE,1657108901492194596,5B:70:ED:21:18:F0,-88
BLE,1657108901526539336,C0:F8:BB:9D:12:93,-51
BLE,1657108901547800742,DF:A6:DC:DC:2E:81,-52
BLE,1657108901549247149,DF:A6:DC:DC:2E:81,-55
BLE,1657108901551771315,27:64:21:BF:42:2D,-87
BLE,1657108901556865169,10:C8:33:07:B3:01,-50
BLE,1657108901561031680,61:FB:A2:E3:F5:B6,-89
BLE,1657108901566039128,56:E6:E2:47:1E:0B,-84
BLE,1657108901569488607,5A:A2:3B:70:A4:8F,-84
BLE,1657108901574774076,C0:F8:BB:9D:12:93,-51
BLE,1657108901584535013,D0:55:35:46:16:95,-87
BLE,1657108901586318346,D0:55:35:46:16:95,-85
BLE,1657108901599361003,0A:78:2F:16:8B:F1,-92
BLE,1657108901618173555,30:F2:61:26:73:5D,-88
BLE,1657108901624773971,C0:F8:BB:9D:12:93,-55
BLE,1657108901636188138,20:18:33:99:7B:28,-97
BLE,1657108901652416367,C0:33:AD:AB:CF:0B,-88
BLE,1657108901656286576,11:74:8F:63:FD:65,-89
BLE,1657108901670271367,1D:46:55:0E:27:A7,-88
BLE,1657108901700493503,50:59:FD:49:C0:F2,-81
BLE,1657108901719620586,D0:03:DF:C9:BE:CF,-76
BLE,1657108901726115273,C0:F8:BB:9D:12:93,-55
BLE,1657108901732303503,62:D0:D5:29:D2:DB,-93
BLE,1657108901744491523,04:4D:44:40:9D:4E,-82
BLE,1657108901749775794,56:E6:E2:47:1E:0B,-84
BLE,1657108901754564388,5A:A2:3B:70:A4:8F,-88
BLE,1657108901757158763,DF:A6:DC:DC:2E:81,-55
BLE,1657108901769771055,10:C8:33:07:B3:01,-50
BLE,1657108901776102669,C0:F8:BB:9D:12:93,-51
BLE,1657108901780005742,08:66:98:AD:B4:AD,-86
BLE,1657108901783507825,0A:78:2F:16:8B:F1,-87
BLE,1657108901786049284,40:CB:C0:CB:7F:B6,-88
BLE,1657108901806196263,30:F2:61:26:73:5D,-87
BLE,1657108901823794023,0C:D3:E0:49:36:5C,-94
BLE,1657108901834466523,61:FB:A2:E3:F5:B6,-86
BLE,1657108901837864388,0A:78:2F:16:8B:F1,-90
BLE,1657108901839002513,D0:55:35:46:16:95,-86
BLE,1657108901841741471,11:74:8F:63:FD:65,-86
BLE,1657108901857903919,DF:A6:DC:DC:2E:81,-52
BLE,1657108901860987253,34:A2:D2:91:94:31,-89
BLE,1657108901868332253,0A:78:2F:16:8B:F1,-88
BLE,1657108901873244180,C0:F8:BB:9D:12:93,-53
BLE,1657108901874250846,10:C8:33:07:B3:01,-50
BLE,1657108901897299857,0A:78:2F:16:8B:F1,-89
BLE,1657108901921499284,C8:69:CD:61:6F:2C,-80
BLE,1657108901925632096,04:4D:44:40:9D:4E,-72
BLE,1657108901931929232,0A:78:2F:16:8B:F1,-77
BLE,1657108901942606523,5A:A2:3B:70:A4:8F,-92
BLE,1657108901959140690,50:59:FD:49:C0:F2,-72
BLE,1657108901972965013,C0:F8:BB:9D:12:93,-40
BLE,1657108901978482305,10:C8:33:07:B3:01,-39
BLE,1657108901995270013,0A:78:2F:16:8B:F1,-88
BLE,1657108902004881680,0C:D3:E0:49:36:5C,-92
BLE,1657108902018480065,20:18:33:99:7B:28,-94
BLE,1657108902022630898,33:8B:04:ED:F8:EE,-79
BLE,1657108902038063607,D0:03:DF:C9:BE:CF,-70
BLE,1657108902064560221,DF:A6:DC:DC:2E:81,-51
BLE,1657108902074840898,C0:F8:BB:9D:12:93,-41
BLE,1657108902078574023,10:C8:33:07:B3:01,-49
BLE,1657108902086570273,0A:78:2F:16:8B:F1,-78
BLE,1657108902091645690,EF:07:FC:36:3B:CD,-86
BLE,1657108902107032148,04:4D:44:40:9D:4E,-82
BLE,1657108902108085794,61:FB:A2:E3:F5:B6,-85
BLE,1657108902115299180,27:64:21:BF:42:2D,-89
BLE,1657108902119084075,56:E6:E2:47:1E:0B,-87
BLE,1657108902125032305,C0:F8:BB:9D:12:93,-54
BLE,1657108902169858502,40:CB:C0:CB:7F:B6,-90
BLE,1657108902173084180,C0:F8:BB:9D:12:93,-40
BLE,1657108902179552565,0A:78:2F:16:8B:F1,-89
BLE,1657108902187347200,10:C8:33:07:B3:01,-50
BLE,1657108902194290169,47:60:66:E1:9F:89,-83
BLE,1657108902222191159,50:59:FD:49:C0:F2,-71
BLE,1657108902234896679,5B:70:ED:21:18:F0,-86
BLE,1657108902237838711,1D:46:55:0E:27:A7,-88
BLE,1657108902239180898,0A:78:2F:16:8B:F1,-89
BLE,1657108902240736315,5E:CA:E0:EB:A8:66,-85
BLE,1657108902274504961,0A:78:2F:16:8B:F1,-75
BLE,1657108902276584648,DF:A6:DC:DC:2E:81,-45
BLE,1657108902286053138,C8:69:CD:61:6F:2C,-82
BLE,1657108902288181836,04:4D:44:40:9D:4E,-81
BLE,1657108902318370013,5A:A2:3B:70:A4:8F,-87
BLE,1657108902324675065,C0:F8:BB:9D:12:93,-55
BLE,1657108902335037982,E1:F4:0E:AF:84:69,-78
BLE,1657108902337718554,33:8B:04:ED:F8:EE,-78
BLE,1657108902355971627,40:CB:C0:CB:7F:B6,-89
BLE,1657108902361024440,D0:03:DF:C9:BE:CF,-64
BLE,1657108902374863554,C0:F8:BB:9D:12:93,-54
BLE,1657108902379675534,DF:A6:DC:DC:2E:81,-37
BLE,1657108902387504752,D0:03:DF:C9:BE:CF,-76
BLE,1657108902400475325,0A:78:2F:16:8B:F1,-88
BLE,1657108902416543502,1D:46:55:0E:27:A7,-88
BLE,1657108902427029857,C0:F8:BB:9D:12:93,-52
BLE,1657108902430792409,0A:78:2F:16:8B:F1,-77
BLE,1657108902466044179,6A:65:53:7C:98:3D,-90
BLE,1657108902471534752,56:92:10:C1:C5:7E,-95
BLE,1657108902474642617,C8:69:CD:61:6F:2C,-74
BLE,1657108902487852669,27:64:21:BF:42:2D,-76
BLE,1657108902492245273,56:E6:E2:47:1E:0B,-86
BLE,1657108902509672304,20:18:33:99:7B:28,-95
BLE,1657108902542910846,40:CB:C0:CB:7F:B6,-89
BLE,1657108902556710846,0A:78:2F:16:8B:F1,-89
BLE,1657108902561968502,30:F2:61:26:73:5D,-91
BLE,1657108902571597409,C0:F8:BB:9D:12:93,-56
BLE,1657108902581340950,11:74:8F:63:FD:65,-90
BLE,1657108902588293398,0A:78:2F:16:8B:F1,-76
BLE,1657108902593708190,D0:55:35:46:16:95,-87
BLE,1657108902624584909,C0:F8:BB:9D:12:93,-40
BLE,1657108902649060481,0A:78:2F:16:8B:F1,-87
BLE,1657108902657267356,C8:69:CD:61:6F:2C,-61
BLE,1657108902659033398,04:4D:44:40:9D:4E,-66
BLE,1657108902663659804,61:FB:A2:E3:F5:B6,-87
BLE,1657108902675488502,C0:F8:BB:9D:12:93,-35
BLE,1657108902679010325,27:64:21:BF:42:2D,-74
BLE,1657108902684743138,56:E6:E2:47:1E:0B,-77
BLE,1657108902689804440,08:66:98:AD:B4:AD,-74
BLE,1657108902706180065,10:C8:33:07:B3:01,-49
BLE,1657108902708587513,0A:78:2F:16:8B:F1,-88
BLE,1657108902724452200,40:CB:C0:CB:7F:B6,-77
BLE,1657108902732203138,50:59:FD:49:C0:F2,-62
BLE,1657108902734975273,D0:03:DF:C9:BE:CF,-57
BLE,1657108902739662252,47:60:66:E1:9F:89,-72
BLE,1657108902749969492,30:F2:61:26:73:5D,-89
BLE,1657108902752312669,5E:CA:E0:EB:A8:66,-81
BLE,1657108902804150898,0A:78:2F:16:8B:F1,-88
BLE,1657108902814824231,10:C8:33:07:B3:01,-39
BLE,1657108902817072669,6B:E8:E3:43:DE:64,-80
BLE,1657108902834584648,0A:78:2F:16:8B:F1,-91
BLE,1657108902841589908,04:4D:44:40:9D:4E,-81
BLE,1657108902848526627,D0:55:35:46:16:95,-86
BLE,1657108902863690846,0A:78:2F:16:8B:F1,-80
BLE,1657108902870754596,08:66:98:AD:B4:AD,-89
BLE,1657108902877440950,C0:F8:BB:9D:12:93,-51
BLE,1657108902897931575,70:2A:C8:48:E8:D8,-91
BLE,1657108902907433138,40:CB:C0:CB:7F:B6,-79
BLE,1657108902915641835,10:C8:33:07:B3:01,-50
BLE,1657108902917224023,0C:D3:E0:49:36:5C,-94
BLE,1657108902925574960,C0:F8:BB:9D:12:93,-51
BLE,1657108902938837356,30:F2:61:26:73:5D,-85
BLE,1657108902941784231,61:FB:A2:E3:F5:B6,-85
BLE,1657108903003193138,DF:A6:DC:DC:2E:81,-59
BLE,1657108903011650846,47:60:66:E1:9F:89,-88
BLE,1657108903016249856,10:C8:33:07:B3:01,-39
BLE,1657108903021230221,0A:78:2F:16:8B:F1,-81
BLE,1657108903023466054,C0:F8:BB:9D:12:93,-41
BLE,1657108903023998450,C8:69:CD:61:6F:2C,-70
BLE,1657108903027081731,04:4D:44:40:9D:4E,-69
BLE,1657108903046096523,D0:03:DF:C9:BE:CF,-76
BLE,1657108903051096367,27:64:21:BF:42:2D,-86
BLE,1657108903052895221,0A:78:2F:16:8B:F1,-80
BLE,1657108903076061210,C0:F8:BB:9D:12:93,-55
BLE,1657108903080094075,D0:03:DF:C9:BE:CF,-72
BLE,1657108903087224127,6B:E8:E3:43:DE:64,-88
BLE,1657108903090196002,40:CB:C0:CB:7F:B6,-92
BLE,1657108903107038919,DF:A6:DC:DC:2E:81,-55
BLE,1657108903117506679,0A:78:2F:16:8B:F1,-79
BLE,1657108903128168762,11:74:8F:63:FD:65,-87
BLE,1657108903147191367,0A:78:2F:16:8B:F1,-74
BLE,1657108903174320637,C0:F8:BB:9D:12:93,-51
BLE,1657108903178534856,0A:78:2F:16:8B:F1,-89
BLE,1657108903192233033,62:D0:D5:29:D2:DB,-80
BLE,1657108903209257096,0A:78:2F:16:8B:F1,-90
BLE,1657108903210601887,DF:A6:DC:DC:2E:81,-52
BLE,1657108903218565742,10:C8:33:07:B3:01,-39
BLE,1657108903222754440,C0:F8:BB:9D:12:93,-54
BLE,1657108903224830742,6A:65:53:7C:98:3D,-90
BLE,1657108903233654283,6A:65:53:7C:98:3D,-92
BLE,1657108903238070169,08:66:98:AD:B4:AD,-75
BLE,1657108903239006627,27:64:21:BF:42:2D,-72
BLE,1657108903267384179,5E:CA:E0:EB:A8:66,-82
BLE,1657108903276077148,C0:F8:BB:9D:12:93,-54
BLE,1657108903286856627,47:60:66:E1:9F:89,-85
BLE,1657108903309233762,11:74:8F:63:FD:65,-74
BLE,1657108903314778554,DF:A6:DC:DC:2E:81,-47
BLE,1657108903324183919,10:C8:33:07:B3:01,-50
BLE,1657108903338627044,0A:78:2F:16:8B:F1,-90
BLE,1657108903359844335,D0:55:35:46:16:95,-87
BLE,1657108903374764700,62:D0:D5:29:D2:DB,-93
BLE,1657108903377150377,C0:F8:BB:9D:12:93,-51
BLE,1657108903383353502,D0:03:DF:C9:BE:CF,-75
BLE,1657108903390737981,04:4D:44:40:9D:4E,-81
BLE,1657108903394056314,C8:69:CD:61:6F:2C,-74
BLE,1657108903398821992,33:8B:04:ED:F8:EE,-91
BLE,1657108903405871887,D0:03:DF:C9:BE:CF,-65
BLE,1657108903424666575,C0:F8:BB:9D:12:93,-41
BLE,1657108903428211835,56:E6:E2:47:1E:0B,-88
BLE,1657108903440419127,5A:A2:3B:70:A4:8F,-72
BLE,1657108903455571314,40:CB:C0:CB:7F:B6,-92
BLE,1657108903466991575,0A:78:2F:16:8B:F1,-89
BLE,1657108903471929908,C0:F8:BB:9D:12:93,-54
BLE,1657108903525733762,C0:F8:BB:9D:12:93,-55
BLE,1657108903530738085,0A:78:2F:16:8B:F1,-89
BLE,1657108903534046679,DF:A6:DC:DC:2E:81,-37
BLE,1657108903541556002,1D:46:55:0E:27:A7,-88
BLE,1657108903572773033,C0:F8:BB:9D:12:93,-56
BLE,1657108903575928866,04:4D:44:40:9D:4E,-73
BLE,1657108903579722044,C8:69:CD:61:6F:2C,-74
BLE,1657108903598341835,0A:78:2F:16:8B:F1,-91
BLE,1657108903614835741,56:E6:E2:47:1E:0B,-86
BLE,1657108903616007616,D0:55:35:46:16:95,-83
BLE,1657108903624808502,C0:F8:BB:9D:12:93,-50
BLE,1657108903629605689,6B:E8:E3:43:DE:64,-84
BLE,1657108903641754127,40:CB:C0:CB:7F:B6,-91
BLE,1657108903661565325,0A:78:2F:16:8B:F1,-89
BLE,1657108903674686627,C0:F8:BB:9D:12:93,-55
BLE,1657108903691962148,0A:78:2F:16:8B:F1,-92
BLE,1657108903724371783,C0:F8:BB:9D:12:93,-54
BLE,1657108903729192512,D0:03:DF:C9:BE:CF,-70
BLE,1657108903748422200,D0:03:DF:C9:BE:CF,-70
BLE,1657108903749545585,6A:65:53:7C:98:3D,-89
BLE,1657108903758237773,6A:65:53:7C:98:3D,-94
BLE,1657108903765608346,50:59:FD:49:C0:F2,-72
BLE,1657108903769308710,61:FB:A2:E3:F5:B6,-85
BLE,1657108903774886523,C0:F8:BB:9D:12:93,-54
BLE,1657108903787318398,5E:CA:E0:EB:A8:66,-72
BLE,1657108903804487668,56:E6:E2:47:1E:0B,-92
BLE,1657108903812462043,0A:78:2F:16:8B:F1,-89
BLE,1657108903817153189,5A:A2:3B:70:A4:8F,-86
BLE,1657108903823539127,C0:F8:BB:9D:12:93,-35
BLE,1657108903846129596,10:C8:33:07:B3:01,-39
BLE,1657108903850217825,DF:A6:DC:DC:2E:81,-54
BLE,1657108903875022825,C0:F8:BB:9D:12:93,-56
BLE,1657108903904279700,6B:E8:E3:43:DE:64,-87
BLE,1657108903944090012,04:4D:44:40:9D:4E,-80
BLE,1657108903955590325,DF:A6:DC:DC:2E:81,-52
BLE,1657108903971638918,0A:78:2F:16:8B:F1,-90
BLE,1657108903974057564,C0:F8:BB:9D:12:93,-55
BLE,1657108903988446627,56:E6:E2:47:1E:0B,-78
BLE,1657108903990625481,C5:8C:97:8A:7E:08,-81
BLE,1657108904024925845,C0:F8:BB:9D:12:93,-35
BLE,1657108904029369023,50:59:FD:49:C0:F2,-72
BLE,1657108904047312825,5E:CA:E0:EB:A8:66,-74
BLE,1657108904054423398,10:C8:33:07:B3:01,-34
BLE,1657108904057374335,DF:A6:DC:DC:2E:81,-45
BLE,1657108904065441731,0A:78:2F:16:8B:F1,-88
BLE,1657108904066742148,D0:03:DF:C9:BE:CF,-71
BLE,1657108904091696887,EF:07:FC:36:3B:CD,-72
BLE,1657108904093054595,D0:03:DF:C9:BE:CF,-77
BLE,1657108904097099283,0A:78:2F:16:8B:F1,-90
BLE,1657108904122116210,C0:F8:BB:9D:12:93,-55
BLE,1657108904126536470,04:4D:44:40:9D:4E,-80
BLE,1657108904157178502,20:18:33:99:7B:28,-95
BLE,1657108904161706470,10:C8:33:07:B3:01,-25
BLE,1657108904165473293,27:64:21:BF:42:2D,-88
BLE,1657108904172430429,C0:F8:BB:9D:12:93,-54
BLE,1657108904189817460,40:CB:C0:CB:7F:B6,-79
BLE,1657108904193640377,0A:78:2F:16:8B:F1,-86
BLE,1657108904197110325,0C:D3:E0:49:36:5C,-83
BLE,1657108904198974127,70:2A:C8:48:E8:D8,-80
BLE,1657108904228092200,11:74:8F:63:FD:65,-82
BLE,1657108904252114022,30:F2:61:26:73:5D,-77
BLE,1657108904257403814,0A:78:2F:16:8B:F1,-77
BLE,1657108904266765377,10:C8:33:07:B3:01,-50
BLE,1657108904274267147,DF:A6:DC:DC:2E:81,-56
BLE,1657108904277202877,C0:F8:BB:9D:12:93,-51
BLE,1657108904285270325,50:59:FD:49:C0:F2,-72
BLE,1657108904290357564,0A:78:2F:16:8B:F1,-89
BLE,1657108904305327043,C8:69:CD:61:6F:2C,-80
BLE,1657108904308852095,5E:CA:E0:EB:A8:66,-72
BLE,1657108904311997147,04:4D:44:40:9D:4E,-82
BLE,1657108904320789075,0A:78:2F:16:8B:F1,-88
BLE,1657108904334434804,08:66:98:AD:B4:AD,-88
BLE,1657108904369897616,10:C8:33:07:B3:01,-35
BLE,1657108904373538085,C0:F8:BB:9D:12:93,-54
BLE,1657108904381156314,DF:A6:DC:DC:2E:81,-37
BLE,1657108904384569179,0A:78:2F:16:8B:F1,-72
BLE,1657108904415973918,11:74:8F:63:FD:65,-95
BLE,1657108904423569074,C0:F8:BB:9D:12:93,-54
BLE,1657108904447970897,6B:E8:E3:43:DE:64,-85
BLE,1657108904472706627,C0:F8:BB:9D:12:93,-54
BLE,1657108904479194231,10:C8:33:07:B3:01,-41
BLE,1657108904483725741,5B:70:ED:21:18:F0,-78
BLE,1657108904490068137,DF:A6:DC:DC:2E:81,-51
BLE,1657108904506027460,6A:65:53:7C:98:3D,-90
BLE,1657108904514832147,08:66:98:AD:B4:AD,-77
BLE,1657108904537396002,50:59:FD:49:C0:F2,-80
BLE,1657108904542967981,27:64:21:BF:42:2D,-86
BLE,1657108904568518814,5E:CA:E0:EB:A8:66,-73
BLE,1657108904573528866,C0:F8:BB:9D:12:93,-41
BLE,1657108904575355845,5A:A2:3B:70:A4:8F,-84
BLE,1657108904584191158,61:FB:A2:E3:F5:B6,-87
BLE,1657108904595152877,DF:A6:DC:DC:2E:81,-61
BLE,1657108904604139335,0A:78:2F:16:8B:F1,-88
BLE,1657108904625030793,30:F2:61:26:73:5D,-73
BLE,1657108904636990168,0A:78:2F:16:8B:F1,-90
BLE,1657108904643592251,47:60:66:E1:9F:89,-75
BLE,1657108904670377304,0A:78:2F:16:8B:F1,-89
BLE,1657108904673663085,C8:69:CD:61:6F:2C,-71
BLE,1657108904682288658,04:4D:44:40:9D:4E,-74
BLE,1657108904685642043,10:C8:33:07:B3:01,-49
BLE,1657108904721351887,6B:E8:E3:43:DE:64,-90
BLE,1657108904723142512,C0:F8:BB:9D:12:93,-50
BLE,1657108904733698501,0A:78:2F:16:8B:F1,-78
BLE,1657108904737361783,56:E6:E2:47:1E:0B,-75
BLE,1657108904778544074,D0:03:DF:C9:BE:CF,-76
BLE,1657108904787346991,10:C8:33:07:B3:01,-50
BLE,1657108904808955116,DF:A6:DC:DC:2E:81,-52
BLE,1657108904823010064,C0:F8:BB:9D:12:93,-55
BLE,1657108904824395949,5E:CA:E0:EB:A8:66,-82
BLE,1657108904855071210,C8:69:CD:61:6F:2C,-81
BLE,1657108904874727564,C0:F8:BB:9D:12:93,-40
BLE,1657108904889433137,10:C8:33:07:B3:01,-50
BLE,1657108904896526835,D0:55:35:46:16:95,-85
BLE,1657108904914877981,47:60:66:E1:9F:89,-84
BLE,1657108904918248397,DF:A6:DC:DC:2E:81,-51
BLE,1657108904947141678,5A:A2:3B:70:A4:8F,-75
BLE,1657108904957331887,0A:78:2F:16:8B:F1,-87
BLE,1657108904967705376,11:74:8F:63:FD:65,-89
BLE,1657108904975366053,C0:F8:BB:9D:12:93,-51
BLE,1657108904996126210,10:C8:33:07:B3:01,-41
BLE,1657108905022289231,DF:A6:DC:DC:2E:81,-60
BLE,1657108905026625220,1D:46:55:0E:27:A7,-88
BLE,1657108905042286262,C8:69:CD:61:6F:2C,-74
BLE,1657108905056894647,56:92:10:C1:C5:7E,-91
BLE,1657108905074651418,C0:F8:BB:9D:12:93,-55
BLE,1657108905094999803,D0:03:DF:C9:BE:CF,-75
BLE,1657108905109215220,27:64:21:BF:42:2D,-87
BLE,1657108905114745272,56:E6:E2:47:1E:0B,-88
BLE,1657108905123864439,C0:F8:BB:9D:12:93,-55
BLE,1657108905129802303,DF:A6:DC:DC:2E:81,-55
BLE,1657108905132051470,5A:A2:3B:70:A4:8F,-87
BLE,1657108905137278345,40:CB:C0:CB:7F:B6,-89
BLE,1657108905149352668,11:74:8F:63:FD:65,-87
BLE,1657108905175500897,C0:F8:BB:9D:12:93,-51
BLE,1657108905181291314,30:F2:61:26:73:5D,-87
BLE,1657108905184896783,47:60:66:E1:9F:89,-85
BLE,1657108905199834387,10:C8:33:07:B3:01,-39
BLE,1657108905221589491,C7:9C:70:42:0F:55,-93
BLE,1657108905232206053,04:4D:44:40:9D:4E,-81
BLE,1657108905254842772,08:66:98:AD:B4:AD,-89
BLE,1657108905263539595,6B:E8:E3:43:DE:64,-88
BLE,1657108905272126210,C0:F8:BB:9D:12:93,-55
BLE,1657108905276997095,6A:65:53:7C:98:3D,-89
BLE,1657108905285755220,6A:65:53:7C:98:3D,-93
BLE,1657108905303126001,10:C8:33:07:B3:01,-49
BLE,1657108905304397303,0C:D3:E0:49:36:5C,-97
BLE,1657108905324156939,70:2A:C8:48:E8:D8,-92
BLE,1657108905325481418,C0:F8:BB:9D:12:93,-55
BLE,1657108905339523449,DF:A6:DC:DC:2E:81,-60
BLE,1657108905341700949,59:F9:89:89:D0:48,-82
BLE,1657108905372678814,C0:F8:BB:9D:12:93,-55
BLE,1657108905402552355,D0:55:35:46:16:95,-91
BLE,1657108905406194335,10:C8:33:07:B3:01,-49
BLE,1657108905414720220,04:4D:44:40:9D:4E,-82
BLE,1657108905427004126,5B:70:ED:21:18:F0,-88
BLE,1657108905437347824,08:66:98:AD:B4:AD,-89
BLE,1657108905439346157,D0:03:DF:C9:BE:CF,-70
BLE,1657108905446007095,DF:A6:DC:DC:2E:81,-55
BLE,1657108905459461418,47:60:66:E1:9F:89,-82
BLE,1657108905462505064,D0:03:DF:C9:BE:CF,-70
BLE,1657108905464063501,D0:03:DF:C9:BE:CF,-76
BLE,1657108905475111730,C0:F8:BB:9D:12:93,-55
BLE,1657108905488598710,0C:D3:E0:49:36:5C,-94
BLE,1657108905491069335,56:E6:E2:47:1E:0B,-78
BLE,1657108905506081730,40:CB:C0:CB:7F:B6,-87
BLE,1657108905511753605,10:C8:33:07:B3:01,-39
BLE,1657108905526079178,C0:F8:BB:9D:12:93,-55
BLE,1657108905535960012,6B:E8:E3:43:DE:64,-94
BLE,1657108905554550324,DF:A6:DC:DC:2E:81,-55
BLE,1657108905572666366,C0:F8:BB:9D:12:93,-55
BLE,1657108905584086366,C8:69:CD:61:6F:2C,-81
BLE,1657108905590516991,1D:46:55:0E:27:A7,-88
BLE,1657108905596946001,04:4D:44:40:9D:4E,-80
BLE,1657108905600007616,59:F9:89:89:D0:48,-88
BLE,1657108905611267199,5B:70:ED:21:18:F0,-88
BLE,1657108905619863762,10:C8:33:07:B3:01,-49
BLE,1657108905622077980,08:66:98:AD:B4:AD,-86
BLE,1657108905659793918,DF:A6:DC:DC:2E:81,-52
BLE,1657108905672445741,0C:D3:E0:49:36:5C,-93
BLE,1657108905674231105,C0:F8:BB:9D:12:93,-55
BLE,1657108905681958032,61:FB:A2:E3:F5:B6,-87
BLE,1657108905689718449,0A:78:2F:16:8B:F1,-88
BLE,1657108905694629959,5A:A2:3B:70:A4:8F,-88
BLE,1657108905720713397,10:C8:33:07:B3:01,-49
BLE,1657108905725199595,C0:F8:BB:9D:12:93,-56
BLE,1657108905730926730,47:60:66:E1:9F:89,-81
BLE,1657108905747612147,30:F2:61:26:73:5D,-88
BLE,1657108905767331053,DF:A6:DC:DC:2E:81,-61
BLE,1657108905768982720,C8:69:CD:61:6F:2C,-79
BLE,1657108905772484022,C0:F8:BB:9D:12:93,-55
BLE,1657108905776920689,D0:03:DF:C9:BE:CF,-70
BLE,1657108905799489907,D0:03:DF:C9:BE:CF,-70
BLE,1657108905827428032,10:C8:33:07:B3:01,-39
BLE,1657108905856704907,59:F9:89:89:D0:48,-81
BLE,1657108905866059178,27:64:21:BF:42:2D,-86
BLE,1657108905873822980,C0:F8:BB:9D:12:93,-51
BLE,1657108905903973136,D0:55:35:46:16:95,-87
BLE,1657108905918669282,33:8B:04:ED:F8:EE,-92
BLE,1657108905923902251,C0:F8:BB:9D:12:93,-55
BLE,1657108905932334438,10:C8:33:07:B3:01,-50
BLE,1657108905951248866,C8:69:CD:61:6F:2C,-80
BLE,1657108905953092355,61:FB:A2:E3:F5:B6,-86
BLE,1657108905964810376,04:4D:44:40:9D:4E,-73
BLE,1657108905966728657,1D:46:55:0E:27:A7,-87
BLE,1657108905975638293,C0:F8:BB:9D:12:93,-55
BLE,1657108905986035584,DF:A6:DC:DC:2E:81,-55
BLE,1657108906000002824,C5:8C:97:8A:7E:08,-92
BLE,1657108906001785324,47:60:66:E1:9F:89,-72
BLE,1657108906026783657,C0:F8:BB:9D:12:93,-51
BLE,1657108906034474282,10:C8:33:07:B3:01,-49
BLE,1657108906052375428,56:E6:E2:47:1E:0B,-92
BLE,1657108906054238553,27:64:21:BF:42:2D,-87
BLE,1657108906075795480,C0:F8:BB:9D:12:93,-51
BLE,1657108906088570532,DF:A6:DC:DC:2E:81,-52
BLE,1657108906115169699,30:F2:61:26:73:5D,-84
BLE,1657108906119639855,59:F9:89:89:D0:48,-89
BLE,1657108906125054386,C0:F8:BB:9D:12:93,-55
BLE,1657108906141177199,10:C8:33:07:B3:01,-67
BLE,1657108906147600063,D0:03:DF:C9:BE:CF,-76
BLE,1657108906151700480,1D:46:55:0E:27:A7,-88
BLE,1657108906167202199,D0:55:35:46:16:95,-92
BLE,1657108906173593397,C0:F8:BB:9D:12:93,-55
BLE,1657108906225089438,C0:F8:BB:9D:12:93,-55
BLE,1657108906237297563,0A:78:2F:16:8B:F1,-88
BLE,1657108906239166782,56:E6:E2:47:1E:0B,-87
BLE,1657108906243873605,11:74:8F:63:FD:65,-90
BLE,1657108906245570532,10:C8:33:07:B3:01,-49
BLE,1657108906260885011,5A:A2:3B:70:A4:8F,-93
BLE,1657108906266704959,70:2A:C8:48:E8:D8,-91
BLE,1657108906274711313,C0:F8:BB:9D:12:93,-50
BLE,1657108906292826626,DF:A6:DC:DC:2E:81,-52
BLE,1657108906322265428,C8:69:CD:61:6F:2C,-73
BLE,1657108906330365740,04:4D:44:40:9D:4E,-81
BLE,1657108906339839595,E1:F4:0E:AF:84:69,-86
BLE,1657108906346821678,50:59:FD:49:C0:F2,-71
BLE,1657108906350696678,10:C8:33:07:B3:01,-49
BLE,1657108906374739230,C0:F8:BB:9D:12:93,-55
BLE,1657108906398355897,DF:A6:DC:DC:2E:81,-60
BLE,1657108906421086574,40:CB:C0:CB:7F:B6,-91
BLE,1657108906424925063,C0:F8:BB:9D:12:93,-55
BLE,1657108906435517667,27:64:21:BF:42:2D,-87
BLE,1657108906458584282,10:C8:33:07:B3:01,-38
BLE,1657108906473592928,C0:F8:BB:9D:12:93,-55
BLE,1657108906488586313,D0:03:DF:C9:BE:CF,-76
BLE,1657108906507563553,DF:A6:DC:DC:2E:81,-60
BLE,1657108906515796053,04:4D:44:40:9D:4E,-72
BLE,1657108906517989959,34:A2:D2:91:94:31,-89
BLE,1657108906519037199,D0:D2:B0:A1:29:38,-94
BLE,1657108906526931938,C0:F8:BB:9D:12:93,-51
BLE,1657108906547113813,47:60:66:E1:9F:89,-87
BLE,1657108906561110011,10:C8:33:07:B3:01,-50
BLE,1657108906562935688,6A:65:53:7C:98:3D,-89
BLE,1657108906571612303,6A:65:53:7C:98:3D,-92
BLE,1657108906604768865,40:CB:C0:CB:7F:B6,-91
BLE,1657108906608161730,50:59:FD:49:C0:F2,-81
BLE,1657108906621982824,C0:F8:BB:9D:12:93,-54
BLE,1657108906626727824,6B:E8:E3:43:DE:64,-87
BLE,1657108906659964803,33:8B:04:ED:F8:EE,-93
BLE,1657108906668264282,10:C8:33:07:B3:01,-49
BLE,1657108906668503188,D0:55:35:46:16:95,-87
BLE,1657108906675742147,C0:F8:BB:9D:12:93,-55
BLE,1657108906699480011,04:4D:44:40:9D:4E,-81
BLE,1657108906713643449,DF:A6:DC:DC:2E:81,-60
BLE,1657108906727165324,08:66:98:AD:B4:AD,-87
BLE,1657108906731342615,5B:70:ED:21:18:F0,-89
BLE,1657108906769276938,10:C8:33:07:B3:01,-38
BLE,1657108906794405428,11:74:8F:63:FD:65,-87
BLE,1657108906802314907,56:E6:E2:47:1E:0B,-87
BLE,1657108906816785115,DF:A6:DC:DC:2E:81,-55
BLE,1657108906823785584,C0:F8:BB:9D:12:93,-40
BLE,1657108906826142459,D0:03:DF:C9:BE:CF,-76
BLE,1657108906840615324,66:70:6B:DC:32:DD,-92
BLE,1657108906866768657,50:59:FD:49:C0:F2,-72
BLE,1657108906867838865,C8:69:CD:61:6F:2C,-80
BLE,1657108906871470688,C0:F8:BB:9D:12:93,-55
BLE,1657108906874351938,10:C8:33:07:B3:01,-49
BLE,1657108906896753136,6B:E8:E3:43:DE:64,-94
BLE,1657108906899332824,34:A2:D2:91:94:31,-89
BLE,1657108906901227511,59:F9:89:89:D0:48,-84
BLE,1657108906909193761,08:66:98:AD:B4:AD,-85
BLE,1657108906923469594,C0:F8:BB:9D:12:93,-55
BLE,1657108906965377355,0A:78:2F:16:8B:F1,-90
BLE,1657108906975784855,40:CB:C0:CB:7F:B6,-91
BLE,1657108906979514074,10:C8:33:07:B3:01,-49
BLE,1657108907011688449,70:2A:C8:48:E8:D8,-90
BLE,1657108907024921521,C0:F8:BB:9D:12:93,-55
BLE,1657108907049143709,C8:69:CD:61:6F:2C,-80
BLE,1657108907052697771,30:F2:61:26:73:5D,-86
BLE,1657108907054297303,61:FB:A2:E3:F5:B6,-86
BLE,1657108907072307667,C0:F8:BB:9D:12:93,-55
BLE,1657108907086086626,10:C8:33:07:B3:01,-39
BLE,1657108907088114230,47:60:66:E1:9F:89,-87
BLE,1657108907123642407,C0:F8:BB:9D:12:93,-55
BLE,1657108907133566834,DF:A6:DC:DC:2E:81,-53
BLE,1657108907141152146,D0:03:DF:C9:BE:CF,-75
BLE,1657108907146496365,0A:78:2F:16:8B:F1,-88
BLE,1657108907164083917,59:F9:89:89:D0:48,-82
BLE,1657108907167386105,D0:03:DF:C9:BE:CF,-70
BLE,1657108907172255063,C0:F8:BB:9D:12:93,-55
BLE,1657108907177347928,33:8B:04:ED:F8:EE,-93
BLE,1657108907179221521,27:64:21:BF:42:2D,-86
BLE,1657108907184955167,10:C8:33:07:B3:01,-49
BLE,1657108907189855115,5A:A2:3B:70:A4:8F,-86
BLE,1657108907223650219,C0:F8:BB:9D:12:93,-51
BLE,1657108907233821938,C8:69:CD:61:6F:2C,-82
BLE,1657108907239598292,DF:A6:DC:DC:2E:81,-37
BLE,1657108907243448292,30:F2:61:26:73:5D,-92
BLE,1657108907249127407,04:4D:44:40:9D:4E,-79
BLE,1657108907250464803,1D:46:55:0E:27:A7,-87
BLE,1657108907272342459,C0:F8:BB:9D:12:93,-55
BLE,1657108907282794386,33:8B:04:ED:F8:EE,-92
BLE,1657108907288586834,10:C8:33:07:B3:01,-38
BLE,1657108907324289803,C0:F8:BB:9D:12:93,-55
BLE,1657108907341010740,40:CB:C0:CB:7F:B6,-88
BLE,1657108907357497303,47:60:66:E1:9F:89,-87
BLE,1657108907362353553,56:E6:E2:47:1E:0B,-88
BLE,1657108907372255219,5A:A2:3B:70:A4:8F,-85
BLE,1657108907394912980,10:C8:33:07:B3:01,-49
BLE,1657108907417607563,C8:69:CD:61:6F:2C,-81
BLE,1657108907424940688,59:F9:89:89:D0:48,-90
BLE,1657108907426815167,C0:F8:BB:9D:12:93,-51
BLE,1657108907431592771,04:4D:44:40:9D:4E,-80
BLE,1657108907435259438,30:F2:61:26:73:5D,-88
BLE,1657108907444840219,DF:A6:DC:DC:2E:81,-39
BLE,1657108907474897719,C0:F8:BB:9D:12:93,-55
BLE,1657108907479812667,5B:70:ED:21:18:F0,-88
BLE,1657108907490311157,D0:03:DF:C9:BE:CF,-77
BLE,1657108907492290792,33:8B:04:ED:F8:EE,-93
BLE,1657108907512042250,0A:78:2F:16:8B:F1,-87
BLE,1657108907522323136,C0:F8:BB:9D:12:93,-55
BLE,1657108907526854907,40:CB:C0:CB:7F:B6,-90
BLE,1657108907527650115,11:74:8F:63:FD:65,-88
BLE,1657108907546172250,DF:A6:DC:DC:2E:81,-60
BLE,1657108907559323344,27:64:21:BF:42:2D,-87
BLE,1657108907562185844,5A:A2:3B:70:A4:8F,-85
BLE,1657108907575949698,C0:F8:BB:9D:12:93,-55
BLE,1657108907595727198,61:FB:A2:E3:F5:B6,-87
BLE,1657108907598802146,C8:69:CD:61:6F:2C,-81
BLE,1657108907601740792,10:C8:33:07:B3:01,-38
BLE,1657108907620186052,30:F2:61:26:73:5D,-85
BLE,1657108907626080792,C0:F8:BB:9D:12:93,-51
BLE,1657108907636132146,50:59:FD:49:C0:F2,-72
BLE,1657108907649937250,DF:A6:DC:DC:2E:81,-55
BLE,1657108907660084907,C0:33:AD:AB:CF:0B,-88
BLE,1657108907674839490,C0:F8:BB:9D:12:93,-50
BLE,1657108907682346417,59:F9:89:89:D0:48,-82
BLE,1657108907685829802,D0:55:35:46:16:95,-84
BLE,1657108907693297875,0A:78:2F:16:8B:F1,-89
BLE,1657108907709378448,40:CB:C0:CB:7F:B6,-91
BLE,1657108907752575584,DF:A6:DC:DC:2E:81,-50
BLE,1657108907771435636,C0:F8:BB:9D:12:93,-55
BLE,1657108907779727354,C8:69:CD:61:6F:2C,-81
BLE,1657108907794091938,04:4D:44:40:9D:4E,-79
BLE,1657108907812682094,30:F2:61:26:73:5D,-90
BLE,1657108907819425584,10:C8:33:07:B3:01,-49
BLE,1657108907823159594,C0:F8:BB:9D:12:93,-55
BLE,1657108907834135532,D0:03:DF:C9:BE:CF,-77
BLE,1657108907848995271,6A:65:53:7C:98:3D,-93
BLE,1657108907856626365,D0:03:DF:C9:BE:CF,-76
BLE,1657108907874314334,C0:F8:BB:9D:12:93,-51
BLE,1657108907897434542,50:59:FD:49:C0:F2,-71
BLE,1657108907902471729,47:60:66:E1:9F:89,-85
BLE,1657108907912529021,56:E6:E2:47:1E:0B,-83
BLE,1657108907914739021,56:92:10:C1:C5:7E,-91
BLE,1657108907925780115,10:C8:33:07:B3:01,-49
BLE,1657108907962153969,62:D0:D5:29:D2:DB,-94
BLE,1657108907964404229,DF:A6:DC:DC:2E:81,-55
BLE,1657108907967310479,C8:69:CD:61:6F:2C,-73
BLE,1657108907974973656,C0:F8:BB:9D:12:93,-55
BLE,1657108907993059334,1D:46:55:0E:27:A7,-87
BLE,1657108907997750584,30:F2:61:26:73:5D,-87
BLE,1657108908000778292,08:66:98:AD:B4:AD,-87
BLE,1657108908004945219,C5:8C:97:8A:7E:08,-95
BLE,1657108908021943136,34:A2:D2:91:94:31,-89
BLE,1657108908023071729,C0:F8:BB:9D:12:93,-55
BLE,1657108908032321573,10:C8:33:07:B3:01,-39
BLE,1657108908038953761,5B:70:ED:21:18:F0,-88
BLE,1657108908076608031,C0:F8:BB:9D:12:93,-51
BLE,1657108908077953604,40:CB:C0:CB:7F:B6,-88
BLE,1657108908082376938,6A:65:53:7C:98:3D,-92
BLE,1657108908091203500,6A:65:53:7C:98:3D,-89
BLE,1657108908096923604,EF:07:FC:36:3B:CD,-87
BLE,1657108908104885115,56:E6:E2:47:1E:0B,-88
BLE,1657108908117278240,5A:A2:3B:70:A4:8F,-86
BLE,1657108908119772667,33:8B:04:ED:F8:EE,-90
BLE,1657108908124809490,C0:F8:BB:9D:12:93,-51
BLE,1657108908131823708,10:C8:33:07:B3:01,-49
BLE,1657108908149141677,C8:69:CD:61:6F:2C,-79
BLE,1657108908151240219,50:59:FD:49:C0:F2,-73
BLE,1657108908160878708,04:4D:44:40:9D:4E,-70
BLE,1657108908174885844,C0:F8:BB:9D:12:93,-56
BLE,1657108908177553240,47:60:66:E1:9F:89,-86
BLE,1657108908180270688,30:F2:61:26:73:5D,-84
BLE,1657108908186801104,08:66:98:AD:B4:AD,-86
BLE,1657108908194224333,D0:03:DF:C9:BE:CF,-76
BLE,1657108908203913552,59:F9:89:89:D0:48,-85
BLE,1657108908222198813,C0:F8:BB:9D:12:93,-55
BLE,1657108908225304750,33:8B:04:ED:F8:EE,-93
BLE,1657108908227110688,E0:B0:C5:5B:DB:3E,-90
BLE,1657108908240845740,10:C8:33:07:B3:01,-50
BLE,1657108908256988813,6B:E8:E3:43:DE:64,-77
BLE,1657108908259046208,40:CB:C0:CB:7F:B6,-90
BLE,1657108908275458448,C0:F8:BB:9D:12:93,-55
BLE,1657108908280944490,DF:A6:DC:DC:2E:81,-54
BLE,1657108908300676573,27:64:21:BF:42:2D,-86
BLE,1657108908303473136,5A:A2:3B:70:A4:8F,-86
BLE,1657108908325937823,C0:F8:BB:9D:12:93,-51
BLE,1657108908336347667,C8:69:CD:61:6F:2C,-82
BLE,1657108908342451208,10:C8:33:07:B3:01,-49
BLE,1657108908346033396,04:4D:44:40:9D:4E,-73
BLE,1657108908369715115,08:66:98:AD:B4:AD,-86
BLE,1657108908385521208,DF:A6:DC:DC:2E:81,-52
BLE,1657108908398210271,34:A2:D2:91:94:31,-91
BLE,1657108908411621885,50:59:FD:49:C0:F2,-71
BLE,1657108908420988865,0A:78:2F:16:8B:F1,-89
BLE,1657108908424729594,C0:F8:BB:9D:12:93,-56
BLE,1657108908430955167,56:92:10:C1:C5:7E,-90
BLE,1657108908434929958,33:8B:04:ED:F8:EE,-92
BLE,1657108908447570167,47:60:66:E1:9F:89,-84
BLE,1657108908454242510,D0:55:35:46:16:95,-85
BLE,1657108908461343448,59:F9:89:89:D0:48,-89
BLE,1657108908473048448,C0:F8:BB:9D:12:93,-55
BLE,1657108908515718396,D0:03:DF:C9:BE:CF,-76
BLE,1657108908520069906,C8:69:CD:61:6F:2C,-80
BLE,1657108908525255427,C0:F8:BB:9D:12:93,-51
BLE,1657108908545711990,D0:03:DF:C9:BE:CF,-70
BLE,1657108908548656781,10:C8:33:07:B3:01,-39
BLE,1657108908550747719,08:66:98:AD:B4:AD,-85
BLE,1657108908555593708,1D:46:55:0E:27:A7,-89
BLE,1657108908593649958,DF:A6:DC:DC:2E:81,-55
BLE,1657108908602286781,0A:78:2F:16:8B:F1,-89
BLE,1657108908623510531,C0:F8:BB:9D:12:93,-55
BLE,1657108908648822146,10:C8:33:07:B3:01,-50
BLE,1657108908666840844,50:59:FD:49:C0:F2,-62
BLE,1657108908700853031,DF:A6:DC:DC:2E:81,-52
BLE,1657108908702604490,C8:69:CD:61:6F:2C,-81
BLE,1657108908708571469,04:4D:44:40:9D:4E,-73
BLE,1657108908715834594,59:F9:89:89:D0:48,-81
BLE,1657108908722293812,47:60:66:E1:9F:89,-82
BLE,1657108908724912250,C0:F8:BB:9D:12:93,-55
BLE,1657108908730574698,08:66:98:AD:B4:AD,-86
BLE,1657108908738061208,1D:46:55:0E:27:A7,-87
BLE,1657108908749755948,30:F2:61:26:73:5D,-89
BLE,1657108908766982823,34:A2:D2:91:94:31,-81
BLE,1657108908774546364,C0:F8:BB:9D:12:93,-51
BLE,1657108908788984489,0A:78:2F:16:8B:F1,-89
BLE,1657108908796102667,6B:E8:E3:43:DE:64,-90
BLE,1657108908803371312,DF:A6:DC:DC:2E:81,-60
BLE,1657108908809695844,40:CB:C0:CB:7F:B6,-88
BLE,1657108908824756729,C0:F8:BB:9D:12:93,-55
BLE,1657108908844803500,56:E6:E2:47:1E:0B,-89
BLE,1657108908863048187,10:C8:33:07:B3:01,-39
BLE,1657108908864342719,27:64:21:BF:42:2D,-86
BLE,1657108908884754646,C8:69:CD:61:6F:2C,-73
BLE,1657108908889850479,04:4D:44:40:9D:4E,-73
BLE,1657108908911110271,DF:A6:DC:DC:2E:81,-55
BLE,1657108908922381417,C0:F8:BB:9D:12:93,-55
BLE,1657108908924407302,50:59:FD:49:C0:F2,-80
BLE,1657108908932262875,30:F2:61:26:73:5D,-91
BLE,1657108908953706000,33:8B:04:ED:F8:EE,-91
BLE,1657108908959460635,34:A2:D2:91:94:31,-93
BLE,1657108908969201573,59:F9:89:89:D0:48,-86
BLE,1657108908971777406,10:C8:33:07:B3:01,-50
BLE,1657108908992140219,0F:7C:95:E1:00:56,-98
BLE,1657108909009269489,DF:A6:DC:DC:2E:81,-60
BLE,1657108909047306208,5A:A2:3B:70:A4:8F,-87
BLE,1657108909059357406,70:2A:C8:48:E8:D8,-90
BLE,1657108909061081156,62:D0:D5:29:D2:DB,-93
BLE,1657108909068577146,C8:69:CD:61:6F:2C,-73
BLE,1657108909072510791,C0:F8:BB:9D:12:93,-56
BLE,1657108909087055427,0A:78:2F:16:8B:F1,-88
BLE,1657108909090725427,40:CB:C0:CB:7F:B6,-88
BLE,1657108909119015687,30:F2:61:26:73:5D,-87
BLE,1657108909122647406,C0:F8:BB:9D:12:93,-55
BLE,1657108909137136781,F0:3F:B0:47:E5:DB,-91
BLE,1657108909150700844,0C:D3:E0:49:36:5C,-94
BLE,1657108909165204437,5B:70:ED:21:18:F0,-88
BLE,1657108909176977719,11:74:8F:63:FD:65,-84
BLE,1657108909181230791,50:59:FD:49:C0:F2,-72
BLE,1657108909211445010,D0:03:DF:C9:BE:CF,-75
BLE,1657108909215294437,D0:55:35:46:16:95,-85
BLE,1657108909222511521,56:E6:E2:47:1E:0B,-90
BLE,1657108909229881781,61:FB:A2:E3:F5:B6,-86
BLE,1657108909238940166,D0:03:DF:C9:BE:CF,-70
BLE,1657108909244807718,62:D0:D5:29:D2:DB,-91
BLE,1657108909249553031,C8:69:CD:61:6F:2C,-73
BLE,1657108909269371937,47:60:66:E1:9F:89,-85
BLE,1657108909283624593,40:CB:C0:CB:7F:B6,-79
BLE,1657108909291110271,10:C8:33:07:B3:01,-39
BLE,1657108909321937979,C0:F8:BB:9D:12:93,-55
BLE,1657108909325179177,DF:A6:DC:DC:2E:81,-60
BLE,1657108909334819646,0C:D3:E0:49:36:5C,-92
BLE,1657108909361862406,11:74:8F:63:FD:65,-87
BLE,1657108909375758343,C0:F8:BB:9D:12:93,-55
BLE,1657108909390058291,10:C8:33:07:B3:01,-49
BLE,1657108909407603604,56:E6:E2:47:1E:0B,-91
BLE,1657108909419946156,27:64:21:BF:42:2D,-86
BLE,1657108909422263812,5A:A2:3B:70:A4:8F,-86
BLE,1657108909429716260,62:D0:D5:29:D2:DB,-93
BLE,1657108909435083968,50:59:FD:49:C0:F2,-72
BLE,1657108909440583812,70:2A:C8:48:E8:D8,-89
BLE,1657108909462470114,56:92:10:C1:C5:7E,-94
BLE,1657108909471903448,0A:78:2F:16:8B:F1,-89
BLE,1657108909474431208,C0:F8:BB:9D:12:93,-51
BLE,1657108909484045166,30:F2:61:26:73:5D,-71
BLE,1657108909489396833,59:F9:89:89:D0:48,-85
BLE,1657108909507084489,61:FB:A2:E3:F5:B6,-85
BLE,1657108909523065843,C0:F8:BB:9D:12:93,-55
BLE,1657108909534067823,DF:A6:DC:DC:2E:81,-52
BLE,1657108909542398916,0F:7C:95:E1:00:56,-93
BLE,1657108909543922406,5B:70:ED:21:18:F0,-88
BLE,1657108909557453864,D0:03:DF:C9:BE:CF,-70
BLE,1657108909572509541,C0:F8:BB:9D:12:93,-55
BLE,1657108909580208343,33:8B:04:ED:F8:EE,-95
BLE,1657108909584514333,66:70:6B:DC:32:DD,-92
BLE,1657108909597618448,56:E6:E2:47:1E:0B,-86
BLE,1657108909600688395,10:C8:33:07:B3:01,-50
BLE,1657108909613031468,C8:69:CD:61:6F:2C,-79
BLE,1657108909614731937,6B:E8:E3:43:DE:64,-90
BLE,1657108909620902406,04:4D:44:40:9D:4E,-82
BLE,1657108909623032510,70:2A:C8:48:E8:D8,-89
BLE,1657108909626762510,C0:F8:BB:9D:12:93,-51
BLE,1657108909629587302,6A:65:53:7C:98:3D,-98
BLE,1657108909649154489,40:CB:C0:CB:7F:B6,-91
BLE,1657108909657326572,0A:78:2F:16:8B:F1,-87
BLE,1657108909662624385,C0:33:AD:AB:CF:0B,-90
BLE,1657108909676054489,30:F2:61:26:73:5D,-90
BLE,1657108909680646364,1D:46:55:0E:27:A7,-88
BLE,1657108909687656677,33:8B:04:ED:F8:EE,-92
BLE,1657108909699776885,50:59:FD:49:C0:F2,-71
BLE,1657108909702497406,10:C8:33:07:B3:01,-49
BLE,1657108909712009854,34:A2:D2:91:94:31,-90
BLE,1657108909728396312,5B:70:ED:21:18:F0,-86
BLE,1657108909747354750,59:F9:89:89:D0:48,-82
BLE,1657108909749674593,DF:A6:DC:DC:2E:81,-60
BLE,1657108909772381520,C0:F8:BB:9D:12:93,-55
BLE,1657108909786987770,27:64:21:BF:42:2D,-84
BLE,1657108909814950166,70:2A:C8:48:E8:D8,-95
BLE,1657108909824592406,C0:F8:BB:9D:12:93,-55
BLE,1657108909832364072,40:CB:C0:CB:7F:B6,-92
BLE,1657108909848217614,7A:C4:96:1B:AC:CE,-93
BLE,1657108909852495791,DF:A6:DC:DC:2E:81,-55
BLE,1657108909855949229,66:70:6B:DC:32:DD,-96
BLE,1657108909864056624,30:F2:61:26:73:5D,-86
BLE,1657108909876089281,C0:F8:BB:9D:12:93,-51
BLE,1657108909887341416,6B:E8:E3:43:DE:64,-90
BLE,1657108909897432718,33:8B:04:ED:F8:EE,-91
BLE,1657108909905832458,10:C8:33:07:B3:01,-49
BLE,1657108909924272979,C0:F8:BB:9D:12:93,-51
BLE,1657108909946105843,F0:3F:B0:47:E5:DB,-93
BLE,1657108909974041937,C0:F8:BB:9D:12:93,-56
BLE,1657108909979810062,62:D0:D5:29:D2:DB,-96
BLE,1657108909983904020,C8:69:CD:61:6F:2C,-82
BLE,1657108909989885635,04:4D:44:40:9D:4E,-73
BLE,1657108910013651572,10:C8:33:07:B3:01,-39
BLE,1657108910047863499,30:F2:61:26:73:5D,-83
BLE,1657108910060592718,DF:A6:DC:DC:2E:81,-56
BLE,1657108910074511729,C0:F8:BB:9D:12:93,-55
BLE,1657108910086312041,47:60:66:E1:9F:89,-85
BLE,1657108910096538551,EF:07:FC:36:3B:CD,-82
BLE,1657108910115009645,10:C8:33:07:B3:01,-50
BLE,1657108910159516676,6B:E8:E3:43:DE:64,-88
BLE,1657108910163923551,56:E6:E2:47:1E:0B,-86
BLE,1657108910169503083,27:64:21:BF:42:2D,-86
BLE,1657108910171096833,04:4D:44:40:9D:4E,-73
BLE,1657108910174083031,C0:F8:BB:9D:12:93,-55
BLE,1657108910186760895,70:2A:C8:48:E8:D8,-87
BLE,1657108910192373083,08:66:98:AD:B4:AD,-86
BLE,1657108910197352145,40:CB:C0:CB:7F:B6,-89
BLE,1657108910207709697,0A:78:2F:16:8B:F1,-89
BLE,1657108910210169541,33:8B:04:ED:F8:EE,-91
BLE,1657108910230354437,30:F2:61:26:73:5D,-85
BLE,1657108910264557145,D0:03:DF:C9:BE:CF,-76
BLE,1657108910268732874,DF:A6:DC:DC:2E:81,-58
BLE,1657108910274594437,C0:F8:BB:9D:12:93,-55
BLE,1657108910275156260,11:74:8F:63:FD:65,-89
BLE,1657108910289861416,5B:70:ED:21:18:F0,-87
BLE,1657108910326065635,C0:F8:BB:9D:12:93,-51
BLE,1657108910337380895,61:FB:A2:E3:F5:B6,-89
BLE,1657108910346827093,62:D0:D5:29:D2:DB,-92
BLE,1657108910348777510,56:E6:E2:47:1E:0B,-91
BLE,1657108910358921208,47:60:66:E1:9F:89,-86
BLE,1657108910374740895,C0:F8:BB:9D:12:93,-51
BLE,1657108910376981208,DF:A6:DC:DC:2E:81,-60
BLE,1657108910384113603,6A:65:53:7C:98:3D,-90
BLE,1657108910388974176,0A:78:2F:16:8B:F1,-89
BLE,1657108910412923031,30:F2:61:26:73:5D,-85
BLE,1657108910419828916,33:8B:04:ED:F8:EE,-93
BLE,1657108910423663864,C0:F8:BB:9D:12:93,-56
BLE,1657108910430964749,6B:E8:E3:43:DE:64,-87
BLE,1657108910433185843,10:C8:33:07:B3:01,-49
BLE,1657108910456513447,11:74:8F:63:FD:65,-90
BLE,1657108910469985739,50:59:FD:49:C0:F2,-72
BLE,1657108910477654593,D0:55:35:46:16:95,-85
BLE,1657108910482384228,DF:A6:DC:DC:2E:81,-55
BLE,1657108910528584280,62:D0:D5:29:D2:DB,-90
BLE,1657108910534303135,04:4D:44:40:9D:4E,-78
BLE,1657108910542020999,10:C8:33:07:B3:01,-49
BLE,1657108910561041468,40:CB:C0:CB:7F:B6,-89
BLE,1657108910566851780,70:2A:C8:48:E8:D8,-90
BLE,1657108910579574020,D0:03:DF:C9:BE:CF,-75
BLE,1657108910581575791,DF:A6:DC:DC:2E:81,-61
BLE,1657108910597366155,30:F2:61:26:73:5D,-88
BLE,1657108910610422301,D0:03:DF:C9:BE:CF,-70
BLE,1657108910621115999,0C:D3:E0:49:36:5C,-91
BLE,1657108910630193187,47:60:66:E1:9F:89,-85
BLE,1657108910642002926,11:74:8F:63:FD:65,-85
BLE,1657108910644215739,10:C8:33:07:B3:01,-39
BLE,1657108910685102353,DF:A6:DC:DC:2E:81,-55
BLE,1657108910701865010,6B:E8:E3:43:DE:64,-87
BLE,1657108910726285114,90:DD:5D:B3:CD:3C,-94
BLE,1657108910734831103,50:59:FD:49:C0:F2,-71
BLE,1657108910738339957,0C:68:7B:BD:E8:EB,-93
BLE,1657108910748731989,10:C8:33:07:B3:01,-50
BLE,1657108910753131051,0A:78:2F:16:8B:F1,-87
BLE,1657108910789765635,DF:A6:DC:DC:2E:81,-52
BLE,1657108910823257301,11:74:8F:63:FD:65,-87
BLE,1657108910835997978,20:18:33:99:7B:28,-93
BLE,1657108910849872562,5B:70:ED:21:18:F0,-89
BLE,1657108910855101885,10:C8:33:07:B3:01,-50
BLE,1657108910872556312,C0:F8:BB:9D:12:93,-55
BLE,1657108910894309332,C8:69:CD:61:6F:2C,-79
BLE,1657108910907788082,56:E6:E2:47:1E:0B,-87
BLE,1657108910911028916,5A:A2:3B:70:A4:8F,-87
BLE,1657108910914412457,27:64:21:BF:42:2D,-86
BLE,1657108910920908239,0C:68:7B:BD:E8:EB,-99
BLE,1657108910924692145,40:CB:C0:CB:7F:B6,-89
BLE,1657108910928563760,08:66:98:AD:B4:AD,-89
BLE,1657108910933327405,D0:03:DF:C9:BE:CF,-77
BLE,1657108910942992249,70:2A:C8:48:E8:D8,-92
BLE,1657108910952631103,D0:03:DF:C9:BE:CF,-70
BLE,1657108910957354541,33:8B:04:ED:F8:EE,-92
BLE,1657108910970402926,30:F2:61:26:73:5D,-84
BLE,1657108910971958082,6B:E8:E3:43:DE:64,-87
BLE,1657108910972787457,C0:F8:BB:9D:12:93,-55
BLE,1657108910986739020,D0:55:35:46:16:95,-89
BLE,1657108910989325687,50:59:FD:49:C0:F2,-72
BLE,1657108910997006051,DF:A6:DC:DC:2E:81,-52
BLE,1657108911010442457,56:92:10:C1:C5:7E,-93
BLE,1657108911024808864,C0:F8:BB:9D:12:93,-51
BLE,1657108911032424228,59:F9:89:89:D0:48,-83
BLE,1657108911035023447,5B:70:ED:21:18:F0,-87
BLE,1657108911071148291,10:C8:33:07:B3:01,-39
BLE,1657108911081481780,C8:69:CD:61:6F:2C,-82
BLE,1657108911087152041,04:4D:44:40:9D:4E,-83
BLE,1657108911091101364,90:DD:5D:B3:CD:3C,-97
BLE,1657108911093512822,5A:A2:3B:70:A4:8F,-87
BLE,1657108911097456468,DF:A6:DC:DC:2E:81,-61
BLE,1657108911102117457,0C:68:7B:BD:E8:EB,-97
BLE,1657108911108194645,40:CB:C0:CB:7F:B6,-90
BLE,1657108911113520634,08:66:98:AD:B4:AD,-85
BLE,1657108911115765322,0A:78:2F:16:8B:F1,-90
BLE,1657108911124254541,C0:F8:BB:9D:12:93,-56
BLE,1657108911155446468,30:F2:61:26:73:5D,-85
BLE,1657108911167411937,61:FB:A2:E3:F5:B6,-88
BLE,1657108911168872301,47:60:66:E1:9F:89,-85
BLE,1657108911174537874,C0:F8:BB:9D:12:93,-55
BLE,1657108911179901572,10:C8:33:07:B3:01,-38
BLE,1657108911226433707,C0:F8:BB:9D:12:93,-46
BLE,1657108911240956364,D0:55:35:46:16:95,-85
BLE,1657108911243465426,6B:E8:E3:43:DE:64,-86
BLE,1657108911249890114,50:59:FD:49:C0:F2,-71
BLE,1657108911272125166,90:DD:5D:B3:CD:3C,-95
BLE,1657108911274914384,C0:F8:BB:9D:12:93,-51
BLE,1657108911279506884,5A:A2:3B:70:A4:8F,-94
BLE,1657108911283982145,56:E6:E2:47:1E:0B,-85
BLE,1657108911286854020,D0:03:DF:C9:BE:CF,-70
BLE,1657108911295034957,59:F9:89:89:D0:48,-89
BLE,1657108911308669020,DF:A6:DC:DC:2E:81,-52
BLE,1657108911311806207,70:2A:C8:48:E8:D8,-89
BLE,1657108911322104020,C0:F8:BB:9D:12:93,-56
BLE,1657108911342349489,30:F2:61:26:73:5D,-90
BLE,1657108911353194384,0C:D3:E0:49:36:5C,-96
BLE,1657108911366990739,1D:46:55:0E:27:A7,-86
BLE,1657108911375118916,33:8B:04:ED:F8:EE,-91
BLE,1657108911415703811,DF:A6:DC:DC:2E:81,-61
BLE,1657108911424135166,C0:F8:BB:9D:12:93,-55
BLE,1657108911440053134,61:FB:A2:E3:F5:B6,-90
BLE,1657108911449790843,C8:69:CD:61:6F:2C,-73
BLE,1657108911454974541,04:4D:44:40:9D:4E,-73
BLE,1657108911465030113,27:64:21:BF:42:2D,-86
BLE,1657108911467354488,5A:A2:3B:70:A4:8F,-86
BLE,1657108911468937561,56:E6:E2:47:1E:0B,-84
BLE,1657108911474573603,C0:F8:BB:9D:12:93,-51
BLE,1657108911505298707,50:59:FD:49:C0:F2,-73
BLE,1657108911525772457,20:18:33:99:7B:28,-98
BLE,1657108911529165895,30:F2:61:26:73:5D,-89
BLE,1657108911549283082,59:F9:89:89:D0:48,-82
BLE,1657108911559037197,11:74:8F:63:FD:65,-89
BLE,1657108911572665166,C0:F8:BB:9D:12:93,-55
BLE,1657108911586154436,33:8B:04:ED:F8:EE,-90
BLE,1657108911596138134,5B:70:ED:21:18:F0,-86
BLE,1657108911603800686,10:C8:33:07:B3:01,-49
BLE,1657108911608982561,D0:03:DF:C9:BE:CF,-76
BLE,1657108911623663863,C0:F8:BB:9D:12:93,-55
BLE,1657108911634282822,C8:69:CD:61:6F:2C,-73
BLE,1657108911641736832,04:4D:44:40:9D:4E,-79
BLE,1657108911649956051,5A:A2:3B:70:A4:8F,-85
BLE,1657108911654573707,27:64:21:BF:42:2D,-86
BLE,1657108911656503551,40:CB:C0:CB:7F:B6,-88
BLE,1657108911663278447,6A:65:53:7C:98:3D,-88
BLE,1657108911668206468,C0:33:AD:AB:CF:0B,-87
BLE,1657108911671975947,6A:65:53:7C:98:3D,-90
BLE,1657108911711941884,10:C8:33:07:B3:01,-49
BLE,1657108911717945530,30:F2:61:26:73:5D,-84
BLE,1657108911719225478,47:60:66:E1:9F:89,-86
BLE,1657108911724850634,C0:F8:BB:9D:12:93,-51
BLE,1657108911731068134,DF:A6:DC:DC:2E:81,-60
BLE,1657108911741915895,11:74:8F:63:FD:65,-87
BLE,1657108911759549228,D0:55:35:46:16:95,-85
BLE,1657108911764661936,50:59:FD:49:C0:F2,-71
BLE,1657108911774436832,C0:F8:BB:9D:12:93,-56
BLE,1657108911787537665,6B:E8:E3:43:DE:64,-89
BLE,1657108911802099488,59:F9:89:89:D0:48,-85
BLE,1657108911821872561,C0:F8:BB:9D:12:93,-54
BLE,1657108911827103551,04:4D:44:40:9D:4E,-83
BLE,1657108911833475842,5A:A2:3B:70:A4:8F,-87
BLE,1657108911839731207,40:CB:C0:CB:7F:B6,-76
BLE,1657108911842458603,27:64:21:BF:42:2D,-94
BLE,1657108911848902405,0A:78:2F:16:8B:F1,-88
BLE,1657108911873463603,C0:F8:BB:9D:12:93,-55
BLE,1657108911924350322,10:C8:33:07:B3:01,-66
BLE,1657108911925310530,C0:F8:BB:9D:12:93,-51
BLE,1657108911926781780,11:74:8F:63:FD:65,-88
BLE,1657108911933618603,DF:A6:DC:DC:2E:81,-60
BLE,1657108911956724384,D0:03:DF:C9:BE:CF,-76
BLE,1657108911970451572,DE:27:E1:17:6B:04,-97
BLE,1657108911990121051,D0:03:DF:C9:BE:CF,-77
BLE,1657108911994375165,47:60:66:E1:9F:89,-88
BLE,1657108911997273290,61:FB:A2:E3:F5:B6,-86
BLE,1657108911999228863,C8:69:CD:61:6F:2C,-80
BLE,1657108912013590374,04:4D:44:40:9D:4E,-74
BLE,1657108912025228915,C0:F8:BB:9D:12:93,-55
BLE,1657108912026785634,40:CB:C0:CB:7F:B6,-89
BLE,1657108912030198603,0A:78:2F:16:8B:F1,-88
BLE,1657108912036113290,56:92:10:C1:C5:7E,-93
BLE,1657108912054222405,70:2A:C8:48:E8:D8,-91
BLE,1657108912058020842,66:70:6B:DC:32:DD,-92
BLE,1657108912059423499,59:F9:89:89:D0:48,-88
BLE,1657108912075628186,C0:F8:BB:9D:12:93,-55
BLE,1657108912096621936,EF:07:FC:36:3B:CD,-82
BLE,1657108912126864905,C0:F8:BB:9D:12:93,-51
BLE,1657108912128567301,10:C8:33:07:B3:01,-38
BLE,1657108912147559488,DF:A6:DC:DC:2E:81,-39
BLE,1657108912154819124,5B:70:ED:21:18:F0,-87
BLE,1657108912173631780,C0:F8:BB:9D:12:93,-51
BLE,1657108912185141884,C8:69:CD:61:6F:2C,-82
BLE,1657108912188699644,90:DD:5D:B3:CD:3C,-95
BLE,1657108912197382353,04:4D:44:40:9D:4E,-73
BLE,1657108912203246259,5A:A2:3B:70:A4:8F,-92
BLE,1657108912208340790,40:CB:C0:CB:7F:B6,-90
BLE,1657108912212512874,27:64:21:BF:42:2D,-85
BLE,1657108912224084176,C0:F8:BB:9D:12:93,-55
BLE,1657108912227535790,56:E6:E2:47:1E:0B,-86
BLE,1657108912234328238,10:C8:33:07:B3:01,-49
BLE,1657108912246090582,DF:A6:DC:DC:2E:81,-60
BLE,1657108912268570269,61:FB:A2:E3:F5:B6,-90
BLE,1657108912270874019,D0:55:35:46:16:95,-89
BLE,1657108912276831884,50:59:FD:49:C0:F2,-80
BLE,1657108912296424176,11:74:8F:63:FD:65,-88
BLE,1657108912316640530,59:F9:89:89:D0:48,-82
BLE,1657108912325201884,C0:F8:BB:9D:12:93,-54
BLE,1657108912334768499,6B:E8:E3:43:DE:64,-88
BLE,1657108912342421467,10:C8:33:07:B3:01,-49
BLE,1657108912351040738,DF:A6:DC:DC:2E:81,-55
BLE,1657108912364027509,0A:78:2F:16:8B:F1,-89
BLE,1657108912367292613,40:CB:C0:CB:7F:B6,-90
BLE,1657108912370279384,C8:69:CD:61:6F:2C,-82
BLE,1657108912375417092,C0:F8:BB:9D:12:93,-51
BLE,1657108912379332821,04:4D:44:40:9D:4E,-78
BLE,1657108912394846519,40:CB:C0:CB:7F:B6,-88
BLE,1657108912399492144,27:64:21:BF:42:2D,-87
BLE,1657108912422256780,33:8B:04:ED:F8:EE,-94
BLE,1657108912441961103,6A:65:53:7C:98:3D,-94
BLE,1657108912444377040,10:C8:33:07:B3:01,-39
BLE,1657108912448083238,04:4D:44:40:9D:4E,-79
BLE,1657108912449337353,DF:A6:DC:DC:2E:81,-59
BLE,1657108912450594488,C8:69:CD:61:6F:2C,-78
BLE,1657108912455564696,30:F2:61:26:73:5D,-72
BLE,1657108912473889749,C0:F8:BB:9D:12:93,-55
BLE,1657108912518347092,D0:D2:B0:7D:14:68,-93
BLE,1657108912522592978,C0:F8:BB:9D:12:93,-55
BLE,1657108912535318655,47:60:66:E1:9F:89,-87
BLE,1657108912539854176,61:FB:A2:E3:F5:B6,-86
BLE,1657108912561041311,40:CB:C0:CB:7F:B6,-88
BLE,1657108912564822717,0A:78:2F:16:8B:F1,-88
BLE,1657108912575064019,C0:F8:BB:9D:12:93,-51
BLE,1657108912578585217,5A:A2:3B:70:A4:8F,-88
BLE,1657108912602381103,56:E6:E2:47:1E:0B,-89
BLE,1657108912613565894,C8:69:CD:61:6F:2C,-82
BLE,1657108912637555113,33:8B:04:ED:F8:EE,-90
BLE,1657108912640671571,30:F2:61:26:73:5D,-86
BLE,1657108912647460426,10:C8:33:07:B3:01,-38
BLE,1657108912664533394,11:74:8F:63:FD:65,-75
BLE,1657108912667437196,DF:A6:DC:DC:2E:81,-38
BLE,1657108912673724592,C0:F8:BB:9D:12:93,-55
BLE,1657108912677015009,6A:65:53:7C:98:3D,-90
BLE,1657108912722519019,5B:70:ED:21:18:F0,-88
BLE,1657108912725835842,C0:F8:BB:9D:12:93,-55
BLE,1657108912746806832,40:CB:C0:CB:7F:B6,-91
BLE,1657108912749005894,0A:78:2F:16:8B:F1,-90
BLE,1657108912756176988,10:C8:33:07:B3:01,-39
BLE,1657108912773439905,C0:F8:BB:9D:12:93,-55
BLE,1657108912777159905,27:64:21:BF:42:2D,-86
BLE,1657108912788515790,D0:D2:B0:7D:14:68,-92
BLE,1657108912799943446,04:4D:44:40:9D:4E,-73
BLE,1657108912815699228,61:FB:A2:E3:F5:B6,-87
BLE,1657108912823821519,C0:F8:BB:9D:12:93,-51
BLE,1657108912842580530,33:8B:04:ED:F8:EE,-91
BLE,1657108912849391936,11:74:8F:63:FD:65,-86
BLE,1657108912853356415,34:A2:D2:91:94:31,-96
BLE,1657108912857036728,10:C8:33:07:B3:01,-50
BLE,1657108912870594853,DF:A6:DC:DC:2E:81,-38
BLE,1657108912874880165,6B:E8:E3:43:DE:64,-75
BLE,1657108912915986623,62:D0:D5:29:D2:DB,-92
BLE,1657108912922923186,C0:F8:BB:9D:12:93,-40
BLE,1657108912928490477,40:CB:C0:CB:7F:B6,-81
BLE,1657108912932775269,0A:78:2F:16:8B:F1,-79
BLE,1657108912962015113,27:64:21:BF:42:2D,-75
BLE,1657108912965967509,10:C8:33:07:B3:01,-35
BLE,1657108912973782144,DF:A6:DC:DC:2E:81,-52
BLE,1657108912975705582,C0:F8:BB:9D:12:93,-55
BLE,1657108912976600373,56:E6:E2:47:1E:0B,-86
BLE,1657108912982245217,C8:69:CD:61:6F:2C,-73
BLE,1657108912984980217,04:4D:44:40:9D:4E,-73
BLE,1657108913002894592,D0:03:DF:C9:BE:CF,-77
BLE,1657108913009363707,30:F2:61:26:73:5D,-88
BLE,1657108913024341832,C0:F8:BB:9D:12:93,-51
BLE,1657108913041007561,D0:55:35:46:16:95,-85
BLE,1657108913052191467,33:8B:04:ED:F8:EE,-92
BLE,1657108913076521050,47:60:66:E1:9F:89,-72
BLE,1657108913096704332,62:D0:D5:29:D2:DB,-91
BLE,1657108913111710113,40:CB:C0:CB:7F:B6,-89
BLE,1657108913115836936,0A:78:2F:16:8B:F1,-90
BLE,1657108913122104175,0C:68:7B:BD:E8:EB,-94
BLE,1657108913125373550,C0:F8:BB:9D:12:93,-56
BLE,1657108913138636571,5A:A2:3B:70:A4:8F,-86
BLE,1657108913144883967,6B:E8:E3:43:DE:64,-88
BLE,1657108913152521779,33:8B:04:ED:F8:EE,-93
BLE,1657108913161503342,56:E6:E2:47:1E:0B,-91
BLE,1657108913163465634,C8:69:CD:61:6F:2C,-73
BLE,1657108913166839644,04:4D:44:40:9D:4E,-78
BLE,1657108913175715842,C0:F8:BB:9D:12:93,-40
BLE,1657108913177538498,10:C8:33:07:B3:01,-35
BLE,1657108913179745269,20:18:33:99:7B:28,-97
BLE,1657108913186056207,0C:D3:E0:49:36:5C,-91
BLE,1657108913191839384,30:F2:61:26:73:5D,-87
BLE,1657108913223125061,C0:F8:BB:9D:12:93,-55
BLE,1657108913239283082,C7:9C:70:42:0F:55,-76
BLE,1657108913273834904,C0:F8:BB:9D:12:93,-46
BLE,1657108913294040894,40:CB:C0:CB:7F:B6,-89
BLE,1657108913298276415,0A:78:2F:16:8B:F1,-89
BLE,1657108913303377509,0C:68:7B:BD:E8:EB,-93
BLE,1657108913311690582,50:59:FD:49:C0:F2,-80
BLE,1657108913314126988,56:92:10:C1:C5:7E,-89
BLE,1657108913321138915,5A:A2:3B:70:A4:8F,-87
BLE,1657108913324349904,C0:F8:BB:9D:12:93,-55
BLE,1657108913332111519,D0:03:DF:C9:BE:CF,-70
BLE,1657108913351048290,56:E6:E2:47:1E:0B,-88
BLE,1657108913375066206,C0:F8:BB:9D:12:93,-55
BLE,1657108913379357248,30:F2:61:26:73:5D,-71
BLE,1657108913386197821,10:C8:33:07:B3:01,-39
BLE,1657108913399045998,11:74:8F:63:FD:65,-88
BLE,1657108913416140373,6B:E8:E3:43:DE:64,-89
BLE,1657108913424882769,C0:F8:BB:9D:12:93,-55
BLE,1657108913479403446,0A:78:2F:16:8B:F1,-91
BLE,1657108913486402300,10:C8:33:07:B3:01,-49
BLE,1657108913497278186,DF:A6:DC:DC:2E:81,-55
BLE,1657108913534016884,C8:69:CD:61:6F:2C,-82
BLE,1657108913535378029,56:E6:E2:47:1E:0B,-85
BLE,1657108913537252561,04:4D:44:40:9D:4E,-81
BLE,1657108913558195217,70:2A:C8:48:E8:D8,-90
BLE,1657108913565546831,56:92:10:C1:C5:7E,-92
BLE,1657108913572170790,C0:F8:BB:9D:12:93,-55
BLE,1657108913572911831,50:59:FD:49:C0:F2,-72
BLE,1657108913579988342,33:8B:04:ED:F8:EE,-91
BLE,1657108913584042665,11:74:8F:63:FD:65,-76
BLE,1657108913587453029,10:C8:33:07:B3:01,-39
BLE,1657108913592512196,F0:3F:B0:47:E5:DB,-90
BLE,1657108913599418238,DF:A6:DC:DC:2E:81,-59
BLE,1657108913610668394,59:F9:89:89:D0:48,-90
BLE,1657108913616546779,47:60:66:E1:9F:89,-85
BLE,1657108913618342925,1D:46:55:0E:27:A7,-86
BLE,1657108913622821519,C0:F8:BB:9D:12:93,-54
BLE,1657108913641237144,D0:03:DF:C9:BE:CF,-75
BLE,1657108913659045165,40:CB:C0:CB:7F:B6,-87
BLE,1657108913663554175,0A:78:2F:16:8B:F1,-87
BLE,1657108913669833238,08:66:98:AD:B4:AD,-88
BLE,1657108913673362196,C0:33:AD:AB:CF:0B,-87
BLE,1657108913677271883,C0:F8:BB:9D:12:93,-51
BLE,1657108913686397196,10:C8:33:07:B3:01,-35
BLE,1657108913692511623,5A:A2:3B:70:A4:8F,-86
BLE,1657108913695006363,6A:65:53:7C:98:3D,-89
BLE,1657108913703766519,6A:65:53:7C:98:3D,-91
BLE,1657108913717440894,C8:69:CD:61:6F:2C,-82
BLE,1657108913724960998,C0:F8:BB:9D:12:93,-51
BLE,1657108913768309956,11:74:8F:63:FD:65,-86
BLE,1657108913775196258,C0:F8:BB:9D:12:93,-55
BLE,1657108913789486883,10:C8:33:07:B3:01,-39
BLE,1657108913794586154,33:8B:04:ED:F8:EE,-90
BLE,1657108913809010269,DF:A6:DC:DC:2E:81,-52
BLE,1657108913842341623,40:CB:C0:CB:7F:B6,-89
BLE,1657108913850308394,0A:78:2F:16:8B:F1,-89
BLE,1657108913854507456,08:66:98:AD:B4:AD,-90
BLE,1657108913873312769,59:F9:89:89:D0:48,-86
BLE,1657108913882431467,5A:A2:3B:70:A4:8F,-87
BLE,1657108913889051727,47:60:66:E1:9F:89,-72
BLE,1657108913903755946,56:E6:E2:47:1E:0B,-92
BLE,1657108913909927300,DF:A6:DC:DC:2E:81,-61
BLE,1657108913925321258,C0:F8:BB:9D:12:93,-51
BLE,1657108913928640113,30:F2:61:26:73:5D,-91
BLE,1657108913949562508,11:74:8F:63:FD:65,-85
BLE,1657108913962099696,6B:E8:E3:43:DE:64,-87
BLE,1657108913973830581,C0:F8:BB:9D:12:93,-51
BLE,1657108913992334331,66:70:6B:DC:32:DD,-81
BLE,1657108914002658810,10:C8:33:07:B3:01,-50
BLE,1657108914014722821,33:8B:04:ED:F8:EE,-91
BLE,1657108914019408915,DF:A6:DC:DC:2E:81,-55
BLE,1657108914023682925,C0:F8:BB:9D:12:93,-55
BLE,1657108914053396310,D0:55:35:46:16:95,-85
BLE,1657108914079758185,56:92:10:C1:C5:7E,-91
BLE,1657108914082474123,04:4D:44:40:9D:4E,-73
BLE,1657108914086008706,C8:69:CD:61:6F:2C,-73
BLE,1657108914094859904,56:E6:E2:47:1E:0B,-73
BLE,1657108914116729592,70:2A:C8:48:E8:D8,-92
BLE,1657108914124514383,C0:F8:BB:9D:12:93,-55
BLE,1657108914137070321,59:F9:89:89:D0:48,-82
BLE,1657108914143445165,7F:F9:39:38:63:1C,-80
BLE,1657108914162937977,47:60:66:E1:9F:89,-85
BLE,1657108914168433602,34:A2:D2:91:94:31,-93
BLE,1657108914192262196,61:FB:A2:E3:F5:B6,-86
BLE,1657108914195921987,62:D0:D5:29:D2:DB,-78
BLE,1657108914204861467,40:CB:C0:CB:7F:B6,-89
BLE,1657108914210066883,10:C8:33:07:B3:01,-49
BLE,1657108914221065894,08:66:98:AD:B4:AD,-86
BLE,1657108914225517248,5B:70:ED:21:18:F0,-86
BLE,1657108914237277925,6B:E8:E3:43:DE:64,-87
BLE,1657108914263707196,5A:A2:3B:70:A4:8F,-86
BLE,1657108914267121883,27:64:21:BF:42:2D,-86
BLE,1657108914269370164,C8:69:CD:61:6F:2C,-78
BLE,1657108914272027612,C0:F8:BB:9D:12:93,-54
BLE,1657108914277995894,56:E6:E2:47:1E:0B,-85
BLE,1657108914323380425,C0:F8:BB:9D:12:93,-55
BLE,1657108914331871050,D0:03:DF:C9:BE:CF,-77
BLE,1657108914345271206,50:59:FD:49:C0:F2,-81
BLE,1657108914364474227,1D:46:55:0E:27:A7,-87
BLE,1657108914367287248,D0:03:DF:C9:BE:CF,-70
BLE,1657108914372669123,C0:F8:BB:9D:12:93,-55
BLE,1657108914392202769,40:CB:C0:CB:7F:B6,-89
BLE,1657108914396627352,59:F9:89:89:D0:48,-87
BLE,1657108914402261831,08:66:98:AD:B4:AD,-87
BLE,1657108914420755425,10:C8:33:07:B3:01,-39
BLE,1657108914423976310,7F:F9:39:38:63:1C,-83
BLE,1657108914434832821,DF:A6:DC:DC:2E:81,-52
BLE,1657108914438546050,47:60:66:E1:9F:89,-82
BLE,1657108914447510060,04:4D:44:40:9D:4E,-73
BLE,1657108914453118341,C8:69:CD:61:6F:2C,-80
BLE,1657108914460503914,56:E6:E2:47:1E:0B,-84
BLE,1657108914472176987,C0:F8:BB:9D:12:93,-55
BLE,1657108914507008289,6B:E8:E3:43:DE:64,-86
BLE,1657108914521031831,10:C8:33:07:B3:01,-49
BLE,1657108914522032456,C0:F8:BB:9D:12:93,-55
BLE,1657108914532218446,33:8B:04:ED:F8:EE,-90
BLE,1657108914542899748,DF:A6:DC:DC:2E:81,-59
BLE,1657108914559447196,62:D0:D5:29:D2:DB,-91
BLE,1657108914564321831,D0:55:35:46:16:95,-88
BLE,1657108914604823185,50:59:FD:49:C0:F2,-71
BLE,1657108914622012977,10:C8:33:07:B3:01,-39
BLE,1657108914624609852,C0:F8:BB:9D:12:93,-51
BLE,1657108914637784487,C8:69:CD:61:6F:2C,-82
BLE,1657108914641294435,5A:A2:3B:70:A4:8F,-86
BLE,1657108914646612716,56:E6:E2:47:1E:0B,-90
BLE,1657108914648589800,59:F9:89:89:D0:48,-87
BLE,1657108914668219487,D0:03:DF:C9:BE:CF,-76
BLE,1657108914669895268,30:F2:61:26:73:5D,-92
BLE,1657108914672279383,0F:7C:95:E1:00:56,-92
BLE,1657108914674346206,C0:F8:BB:9D:12:93,-55
BLE,1657108914681568706,11:74:8F:63:FD:65,-90
BLE,1657108914712146518,47:60:66:E1:9F:89,-87
BLE,1657108914723730998,C0:F8:BB:9D:12:93,-55
BLE,1657108914728833810,10:C8:33:07:B3:01,-49
BLE,1657108914730955060,34:A2:D2:91:94:31,-89
BLE,1657108914744604487,1D:46:55:0E:27:A7,-87
BLE,1657108914753094123,DF:A6:DC:DC:2E:81,-52
BLE,1657108914756934852,40:CB:C0:CB:7F:B6,-88
BLE,1657108914768558029,0A:78:2F:16:8B:F1,-89
BLE,1657108914773383758,C0:F8:BB:9D:12:93,-55
BLE,1657108914809377664,04:4D:44:40:9D:4E,-79
BLE,1657108914819069956,C8:69:CD:61:6F:2C,-82
BLE,1657108914821748133,D0:55:35:46:16:95,-86
BLE,1657108914826148498,5A:A2:3B:70:A4:8F,-87
BLE,1657108914829622456,27:64:21:BF:42:2D,-87
BLE,1657108914837091154,10:C8:33:07:B3:01,-49
BLE,1657108914845433550,56:92:10:C1:C5:7E,-92
BLE,1657108914854392300,30:F2:61:26:73:5D,-86
BLE,1657108914857117612,DF:A6:DC:DC:2E:81,-61
BLE,1657108914858107873,70:2A:C8:48:E8:D8,-93
BLE,1657108914904446623,59:F9:89:89:D0:48,-83
BLE,1657108914925354695,C0:F8:BB:9D:12:93,-54
BLE,1657108914941248029,10:C8:33:07:B3:01,-39
BLE,1657108914953613237,08:66:98:AD:B4:AD,-88
BLE,1657108914961869591,DF:A6:DC:DC:2E:81,-55
BLE,1657108914967540060,5B:70:ED:21:18:F0,-89
BLE,1657108914972441779,C0:F8:BB:9D:12:93,-55
BLE,1657108914973616779,6A:65:53:7C:98:3D,-90
BLE,1657108915012495685,D0:03:DF:C9:BE:CF,-76
BLE,1657108915027343289,C0:F8:BB:9D:12:93,-51
BLE,1657108915034989279,D0:03:DF:C9:BE:CF,-76
BLE,1657108915043336570,70:2A:C8:48:E8:D8,-89
BLE,1657108915047624643,10:C8:33:07:B3:01,-49
BLE,1657108915064986154,DF:A6:DC:DC:2E:81,-52
BLE,1657108915075438445,C0:F8:BB:9D:12:93,-50
BLE,1657108915120056466,50:59:FD:49:C0:F2,-71
BLE,1657108915132787300,0A:78:2F:16:8B:F1,-90
BLE,1657108915137397977,08:66:98:AD:B4:AD,-89
BLE,1657108915154624747,10:C8:33:07:B3:01,-73
BLE,1657108915161554591,59:F9:89:89:D0:48,-89
BLE,1657108915169579800,DF:A6:DC:DC:2E:81,-60
BLE,1657108915172415581,C0:F8:BB:9D:12:93,-55
BLE,1657108915177289695,04:4D:44:40:9D:4E,-82
BLE,1657108915182406362,C8:69:CD:61:6F:2C,-81
BLE,1657108915201475268,27:64:21:BF:42:2D,-85
BLE,1657108915214884279,56:E6:E2:47:1E:0B,-88
BLE,1657108915218249018,6A:65:53:7C:98:3D,-89
BLE,1657108915223759122,C0:F8:BB:9D:12:93,-40
BLE,1657108915226935997,6A:65:53:7C:98:3D,-88
BLE,1657108915229920216,30:F2:61:26:73:5D,-89
BLE,1657108915245531727,C7:9C:70:42:0F:55,-86
BLE,1657108915252178185,47:60:66:E1:9F:89,-87
BLE,1657108915255231050,7F:F9:39:38:63:1C,-87
BLE,1657108915272203758,DF:A6:DC:DC:2E:81,-52
BLE,1657108915276692456,C0:F8:BB:9D:12:93,-51
BLE,1657108915304759852,E1:CF:BC:6C:54:88,-94
BLE,1657108915307172560,1D:46:55:0E:27:A7,-86
BLE,1657108915315178966,0A:78:2F:16:8B:F1,-88
BLE,1657108915319450320,08:66:98:AD:B4:AD,-87
BLE,1657108915325093966,6B:E8:E3:43:DE:64,-88
BLE,1657108915357283602,04:4D:44:40:9D:4E,-82
BLE,1657108915360195581,56:92:10:C1:C5:7E,-92
BLE,1657108915373548654,C0:F8:BB:9D:12:93,-56
BLE,1657108915381213654,50:59:FD:49:C0:F2,-81
BLE,1657108915388540633,27:64:21:BF:42:2D,-89
BLE,1657108915403745268,D0:D2:B0:A1:29:38,-95
BLE,1657108915413343966,11:74:8F:63:FD:65,-85
BLE,1657108915416869435,70:2A:C8:48:E8:D8,-90
BLE,1657108915421866674,30:F2:61:26:73:5D,-87
BLE,1657108915464754852,10:C8:33:07:B3:01,-49
BLE,1657108915490082508,DF:A6:DC:DC:2E:81,-61
BLE,1657108915496422820,0A:78:2F:16:8B:F1,-88
BLE,1657108915503167820,08:66:98:AD:B4:AD,-87
BLE,1657108915523480320,47:60:66:E1:9F:89,-86
BLE,1657108915530059070,5B:70:ED:21:18:F0,-87
BLE,1657108915541026310,04:4D:44:40:9D:4E,-81
BLE,1657108915545859539,C8:69:CD:61:6F:2C,-73
BLE,1657108915577721101,27:64:21:BF:42:2D,-92
BLE,1657108915583758914,33:8B:04:ED:F8:EE,-93
BLE,1657108915594685476,DF:A6:DC:DC:2E:81,-55
BLE,1657108915597789018,56:E6:E2:47:1E:0B,-87
BLE,1657108915600116883,70:2A:C8:48:E8:D8,-89
BLE,1657108915606949174,30:F2:61:26:73:5D,-85
BLE,1657108915623456622,C0:F8:BB:9D:12:93,-56
BLE,1657108915636238133,50:59:FD:49:C0:F2,-72
BLE,1657108915639373654,66:70:6B:DC:32:DD,-92
BLE,1657108915662015789,90:DD:5D:B3:CD:3C,-93
BLE,1657108915666431883,10:C8:33:07:B3:01,-49
BLE,1657108915673795320,C0:F8:BB:9D:12:93,-55
BLE,1657108915675928497,C0:33:AD:AB:CF:0B,-85
BLE,1657108915677775945,0A:78:2F:16:8B:F1,-89
BLE,1657108915697325893,DF:A6:DC:DC:2E:81,-52
BLE,1657108915699847976,D0:03:DF:C9:BE:CF,-70
BLE,1657108915715099383,5B:70:ED:21:18:F0,-87
BLE,1657108915719892091,D0:03:DF:C9:BE:CF,-70
BLE,1657108915722305737,20:18:33:99:7B:28,-96
BLE,1657108915726239226,04:4D:44:40:9D:4E,-73
BLE,1657108915732535581,6A:65:53:7C:98:3D,-80
BLE,1657108915741300893,6A:65:53:7C:98:3D,-90
BLE,1657108915747237924,0C:D3:E0:49:36:5C,-91
BLE,1657108915754917976,5A:A2:3B:70:A4:8F,-94
BLE,1657108915757050529,20:18:33:99:7B:28,-92
BLE,1657108915767803081,27:64:21:BF:42:2D,-86
BLE,1657108915769992351,10:C8:33:07:B3:01,-39
BLE,1657108915774940945,C0:F8:BB:9D:12:93,-51
BLE,1657108915779686518,56:E6:E2:47:1E:0B,-87
BLE,1657108915787078810,70:2A:C8:48:E8:D8,-91
BLE,1657108915789386362,30:F2:61:26:73:5D,-85
BLE,1657108915795944695,47:60:66:E1:9F:89,-88
BLE,1657108915824144799,C0:F8:BB:9D:12:93,-56
BLE,1657108915839618185,62:D0:D5:29:D2:DB,-79
BLE,1657108915856030372,40:CB:C0:CB:7F:B6,-77
BLE,1657108915860856101,EA:0F:79:1C:9B:C8,-82
BLE,1657108915863191466,0A:78:2F:16:8B:F1,-90
BLE,1657108915878393810,10:C8:33:07:B3:01,-34
BLE,1657108915892073133,50:59:FD:49:C0:F2,-60
BLE,1657108915904960164,DF:A6:DC:DC:2E:81,-55
BLE,1657108915908318393,33:8B:04:ED:F8:EE,-79
BLE,1657108915911908549,04:4D:44:40:9D:4E,-79
BLE,1657108915927273497,C0:F8:BB:9D:12:93,-51
BLE,1657108915946345789,59:F9:89:89:D0:48,-85
BLE,1657108915952487247,27:64:21:BF:42:2D,-87
BLE,1657108915954822299,0F:7C:95:E1:00:56,-95
BLE,1657108915966780633,56:E6:E2:47:1E:0B,-86
BLE,1657108915973728341,C0:F8:BB:9D:12:93,-51
BLE,1657108915975635060,DE:27:E1:17:6B:04,-98
BLE,1657108915980148706,70:2A:C8:48:E8:D8,-91
BLE,1657108915981981674,30:F2:61:26:73:5D,-90
BLE,1657108916037084018,40:CB:C0:CB:7F:B6,-89
BLE,1657108916042167247,D0:03:DF:C9:BE:CF,-77
BLE,1657108916065822924,47:60:66:E1:9F:89,-87
BLE,1657108916072529226,C0:F8:BB:9D:12:93,-56
BLE,1657108916087522299,10:C8:33:07:B3:01,-38
BLE,1657108916096801362,04:4D:44:40:9D:4E,-79
BLE,1657108916100641258,EF:07:FC:36:3B:CD,-82
BLE,1657108916102280372,D0:55:35:46:16:95,-86
BLE,1657108916107490997,DF:A6:DC:DC:2E:81,-55
BLE,1657108916123555945,61:FB:A2:E3:F5:B6,-86
BLE,1657108916131962195,56:92:10:C1:C5:7E,-91
BLE,1657108916135070737,5A:A2:3B:70:A4:8F,-87
BLE,1657108916139015164,27:64:21:BF:42:2D,-92
BLE,1657108916148329383,50:59:FD:49:C0:F2,-68
BLE,1657108916169627403,70:2A:C8:48:E8:D8,-92
BLE,1657108916172768966,C0:F8:BB:9D:12:93,-55
BLE,1657108916189650528,10:C8:33:07:B3:01,-49
BLE,1657108916205222872,59:F9:89:89:D0:48,-82
BLE,1657108916209555632,DF:A6:DC:DC:2E:81,-60
BLE,1657108916220154851,40:CB:C0:CB:7F:B6,-88
BLE,1657108916224454487,33:8B:04:ED:F8:EE,-93
BLE,1657108916227293289,34:A2:D2:91:94:31,-93
BLE,1657108916249563132,0C:68:7B:BD:E8:EB,-94
BLE,1657108916252198914,1D:46:55:0E:27:A7,-88
BLE,1657108916271921049,C8:69:CD:61:6F:2C,-78
BLE,1657108916282320841,04:4D:44:40:9D:4E,-81
BLE,1657108916319408289,5A:A2:3B:70:A4:8F,-94
BLE,1657108916325239278,C0:F8:BB:9D:12:93,-55
BLE,1657108916335514799,56:E6:E2:47:1E:0B,-91
BLE,1657108916336703601,47:60:66:E1:9F:89,-87
BLE,1657108916351985789,70:2A:C8:48:E8:D8,-80
BLE,1657108916356221935,30:F2:61:26:73:5D,-95
BLE,1657108916376648705,C0:F8:BB:9D:12:93,-51
BLE,1657108916392461518,20:9F:B6:88:FB:29,-99
BLE,1657108916396129122,10:C8:33:07:B3:01,-49
BLE,1657108916400718080,66:70:6B:DC:32:DD,-94
BLE,1657108916403940841,40:CB:C0:CB:7F:B6,-88
BLE,1657108916407660737,D0:03:DF:C9:BE:CF,-76
BLE,1657108916425041570,DF:A6:DC:DC:2E:81,-55
BLE,1657108916426797664,C0:F8:BB:9D:12:93,-50
BLE,1657108916456811622,C8:69:CD:61:6F:2C,-78
BLE,1657108916463614747,59:F9:89:89:D0:48,-85
BLE,1657108916505043184,6A:65:53:7C:98:3D,-90
BLE,1657108916510357768,27:64:21:BF:42:2D,-85
BLE,1657108916513381622,11:74:8F:63:FD:65,-86
BLE,1657108916513800737,6A:65:53:7C:98:3D,-93
BLE,1657108916519092091,56:E6:E2:47:1E:0B,-88
BLE,1657108916524351882,C0:F8:BB:9D:12:93,-56
BLE,1657108916546938497,30:F2:61:26:73:5D,-88
BLE,1657108916575771674,C0:F8:BB:9D:12:93,-55
BLE,1657108916584880997,40:CB:C0:CB:7F:B6,-87
BLE,1657108916591067559,0A:78:2F:16:8B:F1,-88
BLE,1657108916604567195,10:C8:33:07:B3:01,-38
BLE,1657108916607092924,47:60:66:E1:9F:89,-87
BLE,1657108916626115737,C0:F8:BB:9D:12:93,-51
BLE,1657108916642519122,C8:69:CD:61:6F:2C,-82
BLE,1657108916686390372,5A:A2:3B:70:A4:8F,-85
BLE,1657108916696093809,27:64:21:BF:42:2D,-87
BLE,1657108916712049591,10:C8:33:07:B3:01,-49
BLE,1657108916719459851,59:F9:89:89:D0:48,-87
BLE,1657108916722866257,C0:F8:BB:9D:12:93,-55
BLE,1657108916732147455,70:2A:C8:48:E8:D8,-90
BLE,1657108916734404486,30:F2:61:26:73:5D,-85
BLE,1657108916741262351,DF:A6:DC:DC:2E:81,-55
BLE,1657108916759500997,62:D0:D5:29:D2:DB,-91
BLE,1657108916767254226,40:CB:C0:CB:7F:B6,-89
BLE,1657108916772664018,C0:F8:BB:9D:12:93,-55
BLE,1657108916775263914,0A:78:2F:16:8B:F1,-89
BLE,1657108916823098080,C0:F8:BB:9D:12:93,-56
BLE,1657108916838870320,5B:70:ED:21:18:F0,-87
BLE,1657108916850787924,33:8B:04:ED:F8:EE,-93
BLE,1657108916868892403,5A:A2:3B:70:A4:8F,-85
BLE,1657108916874922403,C0:F8:BB:9D:12:93,-51
BLE,1657108916918320476,10:C8:33:07:B3:01,-38
BLE,1657108916921248028,30:F2:61:26:73:5D,-90
BLE,1657108916941620788,62:D0:D5:29:D2:DB,-90
BLE,1657108916951158132,61:FB:A2:E3:F5:B6,-86
BLE,1657108916954964799,33:8B:04:ED:F8:EE,-92
BLE,1657108916970932820,20:18:33:99:7B:28,-93
BLE,1657108916973677663,C0:F8:BB:9D:12:93,-56
BLE,1657108917011290476,C8:69:CD:61:6F:2C,-73
BLE,1657108917018569174,10:C8:33:07:B3:01,-49
BLE,1657108917023772924,C0:F8:BB:9D:12:93,-55
BLE,1657108917046667403,DF:A6:DC:DC:2E:81,-52
BLE,1657108917052566986,5A:A2:3B:70:A4:8F,-86
BLE,1657108917061495997,D0:03:DF:C9:BE:CF,-75
BLE,1657108917070574955,56:E6:E2:47:1E:0B,-71
BLE,1657108917075144122,C0:F8:BB:9D:12:93,-51
BLE,1657108917087488080,D0:03:DF:C9:BE:CF,-75
BLE,1657108917122434330,62:D0:D5:29:D2:DB,-92
BLE,1657108917134453236,40:CB:C0:CB:7F:B6,-90
BLE,1657108917144886674,08:66:98:AD:B4:AD,-86
BLE,1657108917150509486,47:60:66:E1:9F:89,-85
BLE,1657108917160361049,56:92:10:C1:C5:7E,-93
BLE,1657108917162214538,34:A2:D2:91:94:31,-88
BLE,1657108917165760163,33:8B:04:ED:F8:EE,-79
BLE,1657108917175273601,C0:F8:BB:9D:12:93,-56
BLE,1657108917181604955,50:59:FD:49:C0:F2,-80
BLE,1657108917194442507,C8:69:CD:61:6F:2C,-80
BLE,1657108917198191986,04:4D:44:40:9D:4E,-78
BLE,1657108917209771570,0C:D3:E0:49:36:5C,-91
BLE,1657108917220648445,5B:70:ED:21:18:F0,-87
BLE,1657108917224800580,C0:F8:BB:9D:12:93,-55
BLE,1657108917234770580,59:F9:89:89:D0:48,-87
BLE,1657108917248508132,C7:9C:70:42:0F:55,-87
BLE,1657108917250467768,11:74:8F:63:FD:65,-90
BLE,1657108917262273236,56:E6:E2:47:1E:0B,-90
BLE,1657108917303771257,30:F2:61:26:73:5D,-90
BLE,1657108917318485163,40:CB:C0:CB:7F:B6,-89
BLE,1657108917324711570,C0:F8:BB:9D:12:93,-51
BLE,1657108917326143497,08:66:98:AD:B4:AD,-87
BLE,1657108917344583288,10:C8:33:07:B3:01,-38
BLE,1657108917364987299,DF:A6:DC:DC:2E:81,-52
BLE,1657108917376977715,04:4D:44:40:9D:4E,-78
BLE,1657108917379335372,C8:69:CD:61:6F:2C,-81
BLE,1657108917406228080,D0:03:DF:C9:BE:CF,-70
BLE,1657108917408314434,0F:7C:95:E1:00:56,-95
BLE,1657108917421887611,56:92:10:C1:C5:7E,-92
BLE,1657108917427477142,D0:03:DF:C9:BE:CF,-70
BLE,1657108917437088913,50:59:FD:49:C0:F2,-72
BLE,1657108917439766622,27:64:21:BF:42:2D,-87
BLE,1657108917451903445,56:E6:E2:47:1E:0B,-85
BLE,1657108917453467403,10:C8:33:07:B3:01,-49
BLE,1657108917473455007,70:2A:C8:48:E8:D8,-79
BLE,1657108917476126622,C0:F8:BB:9D:12:93,-55
BLE,1657108917483255892,33:8B:04:ED:F8:EE,-92
BLE,1657108917490830736,59:F9:89:89:D0:48,-82
BLE,1657108917506480684,08:66:98:AD:B4:AD,-86
BLE,1657108917509805476,0A:78:2F:16:8B:F1,-88
BLE,1657108917519674226,6A:65:53:7C:98:3D,-88
BLE,1657108917527480997,C0:F8:BB:9D:12:93,-51
BLE,1657108917532059226,0C:68:7B:BD:E8:EB,-93
BLE,1657108917543735215,34:A2:D2:91:94:31,-89
BLE,1657108917558160111,04:4D:44:40:9D:4E,-79
BLE,1657108917563682767,C8:69:CD:61:6F:2C,-81
BLE,1657108917573758653,C0:F8:BB:9D:12:93,-51
BLE,1657108917578887194,DF:A6:DC:DC:2E:81,-45
BLE,1657108917586176778,33:8B:04:ED:F8:EE,-92
BLE,1657108917608919747,5A:A2:3B:70:A4:8F,-86
BLE,1657108917617148184,11:74:8F:63:FD:65,-89
BLE,1657108917622508497,C0:F8:BB:9D:12:93,-56
BLE,1657108917627889642,27:64:21:BF:42:2D,-92
BLE,1657108917634334017,56:E6:E2:47:1E:0B,-86
BLE,1657108917664483184,10:C8:33:07:B3:01,-39
BLE,1657108917677260892,C0:33:AD:AB:CF:0B,-88
BLE,1657108917685192976,40:CB:C0:CB:7F:B6,-88
BLE,1657108917693013028,47:60:66:E1:9F:89,-86
BLE,1657108917695116309,50:59:FD:49:C0:F2,-73
BLE,1657108917739336101,04:4D:44:40:9D:4E,-79
BLE,1657108917746182767,C8:69:CD:61:6F:2C,-82
BLE,1657108917752522559,59:F9:89:89:D0:48,-87
BLE,1657108917761015476,6A:65:53:7C:98:3D,-88
BLE,1657108917769471674,6B:E8:E3:43:DE:64,-86
BLE,1657108917772054851,D0:03:DF:C9:BE:CF,-76
BLE,1657108917772869226,7F:F9:39:38:63:1C,-94
BLE,1657108917783627871,61:FB:A2:E3:F5:B6,-87
BLE,1657108917796408705,DF:A6:DC:DC:2E:81,-55
BLE,1657108917811615371,27:64:21:BF:42:2D,-87
BLE,1657108917824794694,56:E6:E2:47:1E:0B,-87
BLE,1657108917843780424,40:CB:C0:CB:7F:B6,-89
BLE,1657108917857071413,30:F2:61:26:73:5D,-86
BLE,1657108917865835111,90:DD:5D:B3:CD:3C,-94
BLE,1657108917876515059,0A:78:2F:16:8B:F1,-88
BLE,1657108917894512924,0C:68:7B:BD:E8:EB,-97
BLE,1657108917901161726,DF:A6:DC:DC:2E:81,-52
BLE,1657108917908321257,0A:78:2F:16:8B:F1,-89
BLE,1657108917923608757,04:4D:44:40:9D:4E,-82
BLE,1657108917930062976,C8:69:CD:61:6F:2C,-73
BLE,1657108917938580788,0A:78:2F:16:8B:F1,-89
BLE,1657108917956819069,50:59:FD:49:C0:F2,-72
BLE,1657108917960839590,D0:D2:B0:7D:14:68,-95
BLE,1657108917968921882,10:C8:33:07:B3:01,-50
BLE,1657108917971515163,0A:78:2F:16:8B:F1,-90
BLE,1657108917983568028,5A:A2:3B:70:A4:8F,-90
BLE,1657108917997367715,27:64:21:BF:42:2D,-88
BLE,1657108918004807351,0A:78:2F:16:8B:F1,-88
BLE,1657108918008289851,DF:A6:DC:DC:2E:81,-61
BLE,1657108918014430059,56:E6:E2:47:1E:0B,-84
BLE,1657108918023024121,F0:3F:B0:47:E5:DB,-95
BLE,1657108918031052507,C5:8C:97:8A:7E:08,-89
BLE,1657108918037734017,0A:78:2F:16:8B:F1,-86
BLE,1657108918047310007,90:DD:5D:B3:CD:3C,-99
BLE,1657108918072770788,10:C8:33:07:B3:01,-49
BLE,1657108918074397246,C0:F8:BB:9D:12:93,-55
BLE,1657108918092604538,D0:03:DF:C9:BE:CF,-77
BLE,1657108918103268340,EF:07:FC:36:3B:CD,-82
BLE,1657108918106148653,33:8B:04:ED:F8:EE,-92
BLE,1657108918122126986,1D:46:55:0E:27:A7,-87
BLE,1657108918128470319,D0:55:35:46:16:95,-85
BLE,1657108918134603184,0A:78:2F:16:8B:F1,-89
BLE,1657108918163563965,0A:78:2F:16:8B:F1,-90
BLE,1657108918170191205,5A:A2:3B:70:A4:8F,-87
BLE,1657108918174864746,C0:F8:BB:9D:12:93,-55
BLE,1657108918178833392,10:C8:33:07:B3:01,-39
BLE,1657108918195144694,56:92:10:C1:C5:7E,-90
BLE,1657108918197833757,0A:78:2F:16:8B:F1,-89
BLE,1657108918207929225,56:E6:E2:47:1E:0B,-87
BLE,1657108918211253444,50:59:FD:49:C0:F2,-72
BLE,1657108918223599694,C0:F8:BB:9D:12:93,-51
BLE,1657108918226127142,DF:A6:DC:DC:2E:81,-55
BLE,1657108918229814173,0A:78:2F:16:8B:F1,-88
BLE,1657108918231672767,70:2A:C8:48:E8:D8,-93
BLE,1657108918241174694,08:66:98:AD:B4:AD,-90
BLE,1657108918262771569,0A:78:2F:16:8B:F1,-90
BLE,1657108918274380007,C0:F8:BB:9D:12:93,-55
BLE,1657108918283021934,6A:65:53:7C:98:3D,-87
BLE,1657108918286039382,10:C8:33:07:B3:01,-73
BLE,1657108918291329590,04:4D:44:40:9D:4E,-73
BLE,1657108918297008705,C8:69:CD:61:6F:2C,-78
BLE,1657108918305404382,0C:D3:E0:49:36:5C,-94
BLE,1657108918307390163,33:8B:04:ED:F8:EE,-90
BLE,1657108918312680788,6B:E8:E3:43:DE:64,-90
BLE,1657108918323703132,C0:F8:BB:9D:12:93,-55
BLE,1657108918331447246,0A:78:2F:16:8B:F1,-89
BLE,1657108918352975892,11:74:8F:63:FD:65,-89
BLE,1657108918361900163,0A:78:2F:16:8B:F1,-90
BLE,1657108918374392819,C0:F8:BB:9D:12:93,-55
BLE,1657108918389030371,10:C8:33:07:B3:01,-50
BLE,1657108918392300632,40:CB:C0:CB:7F:B6,-88
BLE,1657108918395213965,0A:78:2F:16:8B:F1,-75
BLE,1657108918398514173,62:D0:D5:29:D2:DB,-95
BLE,1657108918409599902,30:F2:61:26:73:5D,-87
BLE,1657108918418484017,70:2A:C8:48:E8:D8,-90
BLE,1657108918422945736,C0:F8:BB:9D:12:93,-55
BLE,1657108918428276673,0A:78:2F:16:8B:F1,-89
BLE,1657108918442467038,DF:A6:DC:DC:2E:81,-52
BLE,1657108918457336309,0A:78:2F:16:8B:F1,-89
BLE,1657108918475286413,C0:F8:BB:9D:12:93,-51
BLE,1657108918479479694,C8:69:CD:61:6F:2C,-79
BLE,1657108918492008965,0A:78:2F:16:8B:F1,-89
BLE,1657108918495083757,10:C8:33:07:B3:01,-39
BLE,1657108918509835944,47:60:66:E1:9F:89,-81
BLE,1657108918518198548,33:8B:04:ED:F8:EE,-91
BLE,1657108918522501673,C0:F8:BB:9D:12:93,-55
BLE,1657108918538416152,11:74:8F:63:FD:65,-86
BLE,1657108918546297246,5A:A2:3B:70:A4:8F,-90
BLE,1657108918548411465,DF:A6:DC:DC:2E:81,-60
BLE,1657108918557973861,27:64:21:BF:42:2D,-86
BLE,1657108918582617715,56:E6:E2:47:1E:0B,-89
BLE,1657108918594039069,10:C8:33:07:B3:01,-50
BLE,1657108918605725319,66:70:6B:DC:32:DD,-95
BLE,1657108918607410684,08:66:98:AD:B4:AD,-86
BLE,1657108918619007194,0A:78:2F:16:8B:F1,-90
BLE,1657108918625157507,C0:F8:BB:9D:12:93,-55
BLE,1657108918626913132,33:8B:04:ED:F8:EE,-92
BLE,1657108918649533236,0A:78:2F:16:8B:F1,-89
BLE,1657108918660734954,C8:69:CD:61:6F:2C,-79
BLE,1657108918668600944,34:A2:D2:91:94:31,-89
BLE,1657108918675948704,C0:F8:BB:9D:12:93,-51
BLE,1657108918683610007,0A:78:2F:16:8B:F1,-89
BLE,1657108918713680111,56:92:10:C1:C5:7E,-91
BLE,1657108918719664069,11:74:8F:63:FD:65,-87
BLE,1657108918724808913,C0:F8:BB:9D:12:93,-55
BLE,1657108918731487767,5A:A2:3B:70:A4:8F,-86
BLE,1657108918737002559,50:59:FD:49:C0:F2,-81
BLE,1657108918744403132,0A:78:2F:16:8B:F1,-88
BLE,1657108918755660944,DF:A6:DC:DC:2E:81,-51
BLE,1657108918766467559,62:D0:D5:29:D2:DB,-92
BLE,1657108918773570527,C0:F8:BB:9D:12:93,-55
BLE,1657108918781999850,30:F2:61:26:73:5D,-84
BLE,1657108918784348444,59:F9:89:89:D0:48,-88
BLE,1657108918794055215,70:2A:C8:48:E8:D8,-92
BLE,1657108918825034329,C0:F8:BB:9D:12:93,-55
BLE,1657108918838225215,04:4D:44:40:9D:4E,-78
BLE,1657108918841864486,C8:69:CD:61:6F:2C,-80
BLE,1657108918855196569,6B:E8:E3:43:DE:64,-88
BLE,1657108918856715006,DF:A6:DC:DC:2E:81,-56
BLE,1657108918867988756,D0:D2:B0:A1:29:38,-92
BLE,1657108918876908496,C0:F8:BB:9D:12:93,-51
BLE,1657108918900855684,0A:78:2F:16:8B:F1,-88
BLE,1657108918914009381,5A:A2:3B:70:A4:8F,-86
BLE,1657108918941906517,40:CB:C0:CB:7F:B6,-88
BLE,1657108918947776152,62:D0:D5:29:D2:DB,-90
BLE,1657108918951797923,56:E6:E2:47:1E:0B,-89
BLE,1657108918972354486,C0:F8:BB:9D:12:93,-55
BLE,1657108918997323027,0A:78:2F:16:8B:F1,-87
BLE,1657108919013382975,10:C8:33:07:B3:01,-25
BLE,1657108919019476621,04:4D:44:40:9D:4E,-78
BLE,1657108919021855579,C0:F8:BB:9D:12:93,-55
BLE,1657108919025477090,C8:69:CD:61:6F:2C,-82
BLE,1657108919027744538,0A:78:2F:16:8B:F1,-90
BLE,1657108919041721413,59:F9:89:89:D0:48,-82
BLE,1657108919049755319,6A:65:53:7C:98:3D,-89
BLE,1657108919072945163,C0:F8:BB:9D:12:93,-56
BLE,1657108919100150683,5A:A2:3B:70:A4:8F,-89
BLE,1657108919108156413,D0:03:DF:C9:BE:CF,-76
BLE,1657108919118518288,10:C8:33:07:B3:01,-49
BLE,1657108919122109590,0A:78:2F:16:8B:F1,-89
BLE,1657108919124641986,C0:F8:BB:9D:12:93,-51
BLE,1657108919126774277,6B:E8:E3:43:DE:64,-87
BLE,1657108919130665319,D0:03:DF:C9:BE:CF,-76
BLE,1657108919138230006,56:E6:E2:47:1E:0B,-84
BLE,1657108919151617298,D0:55:35:46:16:95,-88
BLE,1657108919162259538,70:2A:C8:48:E8:D8,-89
BLE,1657108919183288288,DF:A6:DC:DC:2E:81,-52
BLE,1657108919184007506,0A:78:2F:16:8B:F1,-90
BLE,1657108919201870423,04:4D:44:40:9D:4E,-79
BLE,1657108919207984433,C8:69:CD:61:6F:2C,-82
BLE,1657108919216954538,0A:78:2F:16:8B:F1,-91
BLE,1657108919219821048,10:C8:33:07:B3:01,-49
BLE,1657108919222393756,C0:F8:BB:9D:12:93,-55
BLE,1657108919228619277,34:A2:D2:91:94:31,-92
BLE,1657108919243579329,1D:46:55:0E:27:A7,-88
BLE,1657108919249071413,0A:78:2F:16:8B:F1,-89
BLE,1657108919257735423,C7:9C:70:42:0F:55,-95
BLE,1657108919261189850,50:59:FD:49:C0:F2,-71
BLE,1657108919274867767,C0:F8:BB:9D:12:93,-55
BLE,1657108919279501360,0A:78:2F:16:8B:F1,-88
BLE,1657108919281415371,5A:A2:3B:70:A4:8F,-85
BLE,1657108919291896569,6A:65:53:7C:98:3D,-90
BLE,1657108919299195423,27:64:21:BF:42:2D,-87
BLE,1657108919303732298,40:CB:C0:CB:7F:B6,-87
BLE,1657108919312345006,0A:78:2F:16:8B:F1,-90
BLE,1657108919325113340,10:C8:33:07:B3:01,-38
BLE,1657108919350675163,33:8B:04:ED:F8:EE,-93
BLE,1657108919384885058,04:4D:44:40:9D:4E,-81
BLE,1657108919397786569,6B:E8:E3:43:DE:64,-89
BLE,1657108919406694694,0A:78:2F:16:8B:F1,-91
BLE,1657108919408644225,D0:55:35:46:16:95,-85
BLE,1657108919423028756,C0:F8:BB:9D:12:93,-55
BLE,1657108919427176308,1D:46:55:0E:27:A7,-87
BLE,1657108919440775475,0A:78:2F:16:8B:F1,-89
BLE,1657108919445679277,D0:03:DF:C9:BE:CF,-75
BLE,1657108919454264173,11:74:8F:63:FD:65,-89
BLE,1657108919469828652,0A:78:2F:16:8B:F1,-89
BLE,1657108919472770215,C0:F8:BB:9D:12:93,-55
BLE,1657108919476497142,D0:03:DF:C9:BE:CF,-70
BLE,1657108919491359902,DF:A6:DC:DC:2E:81,-60
BLE,1657108919499765579,62:D0:D5:29:D2:DB,-95
BLE,1657108919527058808,C0:F8:BB:9D:12:93,-51
BLE,1657108919537807558,10:C8:33:07:B3:01,-51
BLE,1657108919541762350,7A:C4:96:1B:AC:CE,-95
BLE,1657108919567818496,0A:78:2F:16:8B:F1,-90
BLE,1657108919571345683,04:4D:44:40:9D:4E,-73
BLE,1657108919594529485,DF:A6:DC:DC:2E:81,-55
BLE,1657108919598271256,0A:78:2F:16:8B:F1,-89
BLE,1657108919601897715,47:60:66:E1:9F:89,-86
BLE,1657108919604916829,34:A2:D2:91:94:31,-94
BLE,1657108919625234642,C0:F8:BB:9D:12:93,-40
BLE,1657108919629894798,0A:78:2F:16:8B:F1,-90
BLE,1657108919647336829,10:C8:33:07:B3:01,-49
BLE,1657108919650255944,5B:70:ED:21:18:F0,-89
BLE,1657108919660344173,0A:78:2F:16:8B:F1,-89
BLE,1657108919671080162,40:CB:C0:CB:7F:B6,-88
BLE,1657108919674341673,C0:F8:BB:9D:12:93,-55
BLE,1657108919677342454,C0:33:AD:AB:CF:0B,-87
BLE,1657108919677978548,27:64:21:BF:42:2D,-86
BLE,1657108919693414121,DF:A6:DC:DC:2E:81,-60
BLE,1657108919703718756,08:66:98:AD:B4:AD,-88
BLE,1657108919719917246,0A:78:2F:16:8B:F1,-87
BLE,1657108919723412871,30:F2:61:26:73:5D,-84
BLE,1657108919726698652,C0:F8:BB:9D:12:93,-40
BLE,1657108919747244121,56:92:10:C1:C5:7E,-90
BLE,1657108919752116673,0A:78:2F:16:8B:F1,-89
BLE,1657108919754655892,10:C8:33:07:B3:01,-39
BLE,1657108919756354798,04:4D:44:40:9D:4E,-73
BLE,1657108919780630371,50:59:FD:49:C0:F2,-71
BLE,1657108919794515058,DF:A6:DC:DC:2E:81,-52
BLE,1657108919797358496,D0:03:DF:C9:BE:CF,-76
BLE,1657108919809402610,59:F9:89:89:D0:48,-82
BLE,1657108919814859798,D0:03:DF:C9:BE:CF,-70
BLE,1657108919815283339,0A:78:2F:16:8B:F1,-88
BLE,1657108919822197142,11:74:8F:63:FD:65,-86
BLE,1657108919825667819,C0:F8:BB:9D:12:93,-51
BLE,1657108919834048808,5A:A2:3B:70:A4:8F,-75
BLE,1657108919845799798,0A:78:2F:16:8B:F1,-90
BLE,1657108919852422714,40:CB:C0:CB:7F:B6,-88
BLE,1657108919861734798,27:64:21:BF:42:2D,-86
BLE,1657108919871910892,47:60:66:E1:9F:89,-85
BLE,1657108919873622662,C0:F8:BB:9D:12:93,-56
BLE,1657108919891197871,08:66:98:AD:B4:AD,-85
BLE,1657108919895132142,DF:A6:DC:DC:2E:81,-60
BLE,1657108919903688444,70:2A:C8:48:E8:D8,-89
BLE,1657108919906533392,0A:78:2F:16:8B:F1,-91
BLE,1657108919916958444,0C:68:7B:BD:E8:EB,-95
BLE,1657108919922386569,C0:F8:BB:9D:12:93,-56
BLE,1657108919936954069,0A:78:2F:16:8B:F1,-77
BLE,1657108919939499173,04:4D:44:40:9D:4E,-79
BLE,1657108919941320631,6B:E8:E3:43:DE:64,-89
BLE,1657108919947849746,0C:D3:E0:49:36:5C,-95
BLE,1657108919952506829,5A:E4:B6:47:72:A3,-94
BLE,1657108919966100058,0A:78:2F:16:8B:F1,-90
BLE,1657108919973746048,C0:F8:BB:9D:12:93,-55
BLE,1657108919996502662,0A:78:2F:16:8B:F1,-87
BLE,1657108920002460891,DF:A6:DC:DC:2E:81,-55