BLE,1657198800044425360,C0:F8:BB:9D:12:93,-36
BLE,1657198800085533314,C0:F8:BB:9D:12:93,-48
BLE,1657198800097733064,DF:A6:DC:DC:2E:81,-41
BLE,1657198800131388417,08:2A:D5:C8:79:AF,-45
BLE,1657198800136171807,C0:F8:BB:9D:12:93,-33
BLE,1657198800183909810,C0:F8:BB:9D:12:93,-33
BLE,1657198800201894686,DF:A6:DC:DC:2E:81,-34
BLE,1657198800235264077,C0:F8:BB:9D:12:93,-35
BLE,1657198800286384382,C0:F8:BB:9D:12:93,-36
BLE,1657198800303925593,DF:A6:DC:DC:2E:81,-37
BLE,1657198800338860034,08:2A:D5:C8:79:AF,-54
BLE,1657198800386724481,C0:F8:BB:9D:12:93,-34
BLE,1657198800409588394,DF:A6:DC:DC:2E:81,-37
BLE,1657198800487351172,C0:F8:BB:9D:12:93,-36
BLE,1657198800535170378,08:2A:D5:C8:79:AF,-44
BLE,1657198800627758451,DF:A6:DC:DC:2E:81,-43
BLE,1657198800634526036,08:2A:D5:C8:79:AF,-54
BLE,1657198800678672127,5A:C7:B6:04:72:57,-60
BLE,1657198800685878267,C0:F8:BB:9D:12:93,-35
BLE,1657198800833474834,08:2A:D5:C8:79:AF,-53
BLE,1657198800835014550,C0:F8:BB:9D:12:93,-35
BLE,1657198800842270930,DF:A6:DC:DC:2E:81,-41
BLE,1657198800938528989,C0:F8:BB:9D:12:93,-36
BLE,1657198800943319378,08:2A:D5:C8:79:AF,-46
BLE,1657198800946597958,DF:A6:DC:DC:2E:81,-37
BLE,1657198800986425880,C0:F8:BB:9D:12:93,-36
BLE,1657198801035042658,C0:F8:BB:9D:12:93,-33
BLE,1657198801043925940,08:2A:D5:C8:79:AF,-46
BLE,1657198801047876184,DF:A6:DC:DC:2E:81,-41
BLE,1657198801049566622,DF:A6:DC:DC:2E:81,-44
BLE,1657198801081623519,3F:F2:AA:87:D5:AE,-29
BLE,1657198801083580771,C0:F8:BB:9D:12:93,-68
BLE,1657198801134608411,C0:F8:BB:9D:12:93,-35
BLE,1657198801147141289,08:2A:D5:C8:79:AF,-52
BLE,1657198801150970423,DF:A6:DC:DC:2E:81,-37
BLE,1657198801188397281,C0:F8:BB:9D:12:93,-36
BLE,1657198801235549936,C0:F8:BB:9D:12:93,-36
BLE,1657198801244808864,08:2A:D5:C8:79:AF,-46
BLE,1657198801256077673,DF:A6:DC:DC:2E:81,-45
BLE,1657198801287934052,3F:F2:AA:87:D5:AE,-29
BLE,1657198801322223366,41:6E:1F:34:B3:B5,-62
BLE,1657198801343530508,08:2A:D5:C8:79:AF,-45
BLE,1657198801368538321,DF:A6:DC:DC:2E:81,-41
BLE,1657198801396073383,C0:F8:BB:9D:12:93,-37
BLE,1657198801422627838,41:6E:1F:34:B3:B5,-57
BLE,1657198801442088171,08:2A:D5:C8:79:AF,-53
BLE,1657198801533743139,57:4E:D8:3C:E4:09,-64
BLE,1657198801544587265,08:2A:D5:C8:79:AF,-45
BLE,1657198801563439304,DF:A6:DC:DC:2E:81,-41
BLE,1657198801586509069,C0:F8:BB:9D:12:93,-34
BLE,1657198801613406059,3F:F2:AA:87:D5:AE,-71
BLE,1657198801634934126,C0:F8:BB:9D:12:93,-36
BLE,1657198801741366019,08:2A:D5:C8:79:AF,-46
BLE,1657198801827972246,3F:F2:AA:87:D5:AE,-77
BLE,1657198801837421636,C0:F8:BB:9D:12:93,-36
BLE,1657198801838799390,08:2A:D5:C8:79:AF,-46
BLE,1657198801885850175,C0:F8:BB:9D:12:93,-36
BLE,1657198801942170054,08:2A:D5:C8:79:AF,-48
BLE,1657198802075043460,DF:A6:DC:DC:2E:81,-37
BLE,1657198802085042977,C0:F8:BB:9D:12:93,-37
BLE,1657198802148934366,08:2A:D5:C8:79:AF,-47
BLE,1657198802252520884,3F:F2:AA:87:D5:AE,-77
BLE,1657198802258459676,08:2A:D5:C8:79:AF,-47
BLE,1657198802287926917,C0:F8:BB:9D:12:93,-37
BLE,1657198802363485558,08:2A:D5:C8:79:AF,-53
BLE,1657198802435452157,C0:F8:BB:9D:12:93,-34
BLE,1657198802489784656,DF:A6:DC:DC:2E:81,-44
BLE,1657198802536889683,C0:F8:BB:9D:12:93,-36
BLE,1657198802567518289,3F:F2:AA:87:D5:AE,-76
BLE,1657198802590226685,DF:A6:DC:DC:2E:81,-37
BLE,1657198802666514250,41:6E:1F:34:B3:B5,-64
BLE,1657198802674609830,08:2A:D5:C8:79:AF,-45
BLE,1657198802696404822,DF:A6:DC:DC:2E:81,-45
BLE,1657198802774803268,08:2A:D5:C8:79:AF,-47
BLE,1657198802786465168,C0:F8:BB:9D:12:93,-37
BLE,1657198802795703448,DF:A6:DC:DC:2E:81,-37
BLE,1657198802883459155,08:2A:D5:C8:79:AF,-53
BLE,1657198802985988842,08:2A:D5:C8:79:AF,-44
BLE,1657198803008120444,DF:A6:DC:DC:2E:81,-45
BLE,1657198803083109478,3F:F2:AA:87:D5:AE,-76
BLE,1657198803135044821,C0:F8:BB:9D:12:93,-35
BLE,1657198803185263299,C0:F8:BB:9D:12:93,-35
BLE,1657198803215326927,DF:A6:DC:DC:2E:81,-45
BLE,1657198803237951194,C0:F8:BB:9D:12:93,-36
BLE,1657198803291245161,08:2A:D5:C8:79:AF,-52
BLE,1657198803423990146,DF:A6:DC:DC:2E:81,-36
BLE,1657198803484047328,77:A6:A8:AE:B8:11,-64
BLE,1657198803499122086,08:2A:D5:C8:79:AF,-46
BLE,1657198803529191603,DF:A6:DC:DC:2E:81,-44
BLE,1657198803536545613,C0:F8:BB:9D:12:93,-33
BLE,1657198803686498199,C0:F8:BB:9D:12:93,-36
BLE,1657198803804761034,08:2A:D5:C8:79:AF,-54
BLE,1657198803836865877,C0:F8:BB:9D:12:93,-35
BLE,1657198803843149390,DF:A6:DC:DC:2E:81,-45
BLE,1657198803887690038,C0:F8:BB:9D:12:93,-36
BLE,1657198803940308712,41:6E:1F:34:B3:B5,-58
BLE,1657198804037500552,C0:F8:BB:9D:12:93,-35
BLE,1657198804150235409,41:6E:1F:34:B3:B5,-63
BLE,1657198804157204291,DF:A6:DC:DC:2E:81,-45
BLE,1657198804201581477,08:2A:D5:C8:79:AF,-45
BLE,1657198804234902798,3F:F2:AA:87:D5:AE,-77
BLE,1657198804253430932,41:6E:1F:34:B3:B5,-58
BLE,1657198804263829764,DF:A6:DC:DC:2E:81,-41
BLE,1657198804370650551,DF:A6:DC:DC:2E:81,-36
BLE,1657198804407195397,08:2A:D5:C8:79:AF,-44
BLE,1657198804480500105,DF:A6:DC:DC:2E:81,-36
BLE,1657198804509056258,08:2A:D5:C8:79:AF,-47
BLE,1657198804582751150,DF:A6:DC:DC:2E:81,-45
BLE,1657198804587841576,C0:F8:BB:9D:12:93,-37
BLE,1657198804689663345,DF:A6:DC:DC:2E:81,-41
BLE,1657198804786001282,C0:F8:BB:9D:12:93,-36
BLE,1657198804815969078,08:2A:D5:C8:79:AF,-53
BLE,1657198804915348430,08:2A:D5:C8:79:AF,-47
BLE,1657198804983414788,41:6E:1F:34:B3:B5,-63
BLE,1657198804987545939,C0:F8:BB:9D:12:93,-36
BLE,1657198805007641012,DF:A6:DC:DC:2E:81,-42
BLE,1657198805067409180,3F:F2:AA:87:D5:AE,-75
BLE,1657198805111312443,DF:A6:DC:DC:2E:81,-37
BLE,1657198805113640805,08:2A:D5:C8:79:AF,-52
BLE,1657198805137326050,C0:F8:BB:9D:12:93,-34
BLE,1657198805186613849,C0:F8:BB:9D:12:93,-35
BLE,1657198805211036610,08:2A:D5:C8:79:AF,-47
BLE,1657198805281615386,3F:F2:AA:87:D5:AE,-27
BLE,1657198805308567157,08:2A:D5:C8:79:AF,-44
BLE,1657198805385633279,C0:F8:BB:9D:12:93,-36
BLE,1657198805408519527,08:2A:D5:C8:79:AF,-47
BLE,1657198805429778337,DF:A6:DC:DC:2E:81,-42
BLE,1657198805437784826,C0:F8:BB:9D:12:93,-37
BLE,1657198805487242347,C0:F8:BB:9D:12:93,-48
BLE,1657198805509097432,08:2A:D5:C8:79:AF,-44
BLE,1657198805596157128,3F:F2:AA:87:D5:AE,-68
BLE,1657198805600241873,5F:95:7C:C4:15:3E,-78
BLE,1657198805608554916,08:2A:D5:C8:79:AF,-54
BLE,1657198805686670293,C0:F8:BB:9D:12:93,-37
BLE,1657198805741426998,DF:A6:DC:DC:2E:81,-38
BLE,1657198805819789800,08:2A:D5:C8:79:AF,-44
BLE,1657198805888140454,C0:F8:BB:9D:12:93,-37
BLE,1657198805919779059,08:2A:D5:C8:79:AF,-53
BLE,1657198805950427798,DF:A6:DC:DC:2E:81,-41
BLE,1657198806027191921,08:2A:D5:C8:79:AF,-45
BLE,1657198806037085033,C0:F8:BB:9D:12:93,-31
BLE,1657198806136560389,C0:F8:BB:9D:12:93,-37
BLE,1657198806161575408,DF:A6:DC:DC:2E:81,-44
BLE,1657198806234782490,C0:F8:BB:9D:12:93,-35
BLE,1657198806271021782,DF:A6:DC:DC:2E:81,-43
BLE,1657198806337975091,C0:F8:BB:9D:12:93,-36
BLE,1657198806377884315,DF:A6:DC:DC:2E:81,-41
BLE,1657198806436619802,08:2A:D5:C8:79:AF,-56
BLE,1657198806500479122,FF:BB:14:BB:11:BF,-65
BLE,1657198806589773812,DF:A6:DC:DC:2E:81,-44
BLE,1657198806697462582,DF:A6:DC:DC:2E:81,-44
BLE,1657198806752647786,3F:F2:AA:87:D5:AE,-77
BLE,1657198806797841731,DF:A6:DC:DC:2E:81,-38
BLE,1657198806837248252,C0:F8:BB:9D:12:93,-37
BLE,1657198806841010405,08:2A:D5:C8:79:AF,-54
BLE,1657198806859765818,3F:F2:AA:87:D5:AE,-30
BLE,1657198806937333143,C0:F8:BB:9D:12:93,-34
BLE,1657198806946015352,08:2A:D5:C8:79:AF,-44
BLE,1657198807012270089,DF:A6:DC:DC:2E:81,-45
BLE,1657198807149795641,08:2A:D5:C8:79:AF,-44
BLE,1657198807186933042,C0:F8:BB:9D:12:93,-36
BLE,1657198807237916818,C0:F8:BB:9D:12:93,-37
BLE,1657198807246003733,08:2A:D5:C8:79:AF,-53
BLE,1657198807287952172,C0:F8:BB:9D:12:93,-36
BLE,1657198807354726613,08:2A:D5:C8:79:AF,-45
BLE,1657198807358883153,FF:BB:14:BB:11:BF,-60
BLE,1657198807385571037,3F:F2:AA:87:D5:AE,-76
BLE,1657198807427241921,DF:A6:DC:DC:2E:81,-38
BLE,1657198807466561222,13:B8:66:76:BE:41,-75
BLE,1657198807487871958,C0:F8:BB:9D:12:93,-36
BLE,1657198807549094012,08:2A:D5:C8:79:AF,-48
BLE,1657198807646370563,DF:A6:DC:DC:2E:81,-44
BLE,1657198807856410571,DF:A6:DC:DC:2E:81,-38
BLE,1657198807936662389,C0:F8:BB:9D:12:93,-37
BLE,1657198807950338931,08:2A:D5:C8:79:AF,-47
BLE,1657198807961654019,DF:A6:DC:DC:2E:81,-44
BLE,1657198808049169885,08:2A:D5:C8:79:AF,-43
BLE,1657198808061026786,DF:A6:DC:DC:2E:81,-37
BLE,1657198808187799954,C0:F8:BB:9D:12:93,-36
BLE,1657198808248579306,08:2A:D5:C8:79:AF,-47
BLE,1657198808381580192,DF:A6:DC:DC:2E:81,-41
BLE,1657198808386479656,C0:F8:BB:9D:12:93,-36
BLE,1657198808446643103,08:2A:D5:C8:79:AF,-46
BLE,1657198808490327944,DF:A6:DC:DC:2E:81,-41
BLE,1657198808591582872,DF:A6:DC:DC:2E:81,-44
BLE,1657198808655377361,08:2A:D5:C8:79:AF,-43
BLE,1657198808693710814,DF:A6:DC:DC:2E:81,-41
BLE,1657198808857306237,08:2A:D5:C8:79:AF,-44
BLE,1657198808868885935,3F:F2:AA:87:D5:AE,-76
BLE,1657198808899770249,DF:A6:DC:DC:2E:81,-41
BLE,1657198808978097834,3F:F2:AA:87:D5:AE,-77
BLE,1657198808983074279,C0:F8:BB:9D:12:93,-34
BLE,1657198809037066545,C0:F8:BB:9D:12:93,-32
BLE,1657198809057203732,08:2A:D5:C8:79:AF,-46
BLE,1657198809134876524,C0:F8:BB:9D:12:93,-34
BLE,1657198809183103257,3F:F2:AA:87:D5:AE,-27
BLE,1657198809211448395,DF:A6:DC:DC:2E:81,-41
BLE,1657198809263563225,08:2A:D5:C8:79:AF,-44
BLE,1657198809364716895,08:2A:D5:C8:79:AF,-54
BLE,1657198809386430631,3F:F2:AA:87:D5:AE,-78
BLE,1657198809436500283,C0:F8:BB:9D:12:93,-36
BLE,1657198809466595619,77:A6:A8:AE:B8:11,-65
BLE,1657198809487326284,C0:F8:BB:9D:12:93,-37
BLE,1657198809733072709,DF:A6:DC:DC:2E:81,-41
BLE,1657198809737887062,C0:F8:BB:9D:12:93,-37
BLE,1657198809791449349,3F:F2:AA:87:D5:AE,-30
BLE,1657198809877321797,08:2A:D5:C8:79:AF,-54
BLE,1657198809897952371,3F:F2:AA:87:D5:AE,-68
BLE,1657198809942385858,DF:A6:DC:DC:2E:81,-44
BLE,1657198809982324343,08:2A:D5:C8:79:AF,-45
BLE,1657198809987547620,C0:F8:BB:9D:12:93,-36
BLE,1657198810153366003,DF:A6:DC:DC:2E:81,-37
BLE,1657198810190354852,08:2A:D5:C8:79:AF,-44
BLE,1657198810292386651,08:2A:D5:C8:79:AF,-46
BLE,1657198810335497866,C0:F8:BB:9D:12:93,-34
BLE,1657198810358933911,DF:A6:DC:DC:2E:81,-41
BLE,1657198810387922158,C0:F8:BB:9D:12:93,-37
BLE,1657198810391052943,08:2A:D5:C8:79:AF,-43
BLE,1657198810435443931,C0:F8:BB:9D:12:93,-36
BLE,1657198810466044969,DF:A6:DC:DC:2E:81,-37
BLE,1657198810573089083,DF:A6:DC:DC:2E:81,-44
BLE,1657198810591609906,08:2A:D5:C8:79:AF,-44
BLE,1657198810636794372,C0:F8:BB:9D:12:93,-36
BLE,1657198810673937405,DF:A6:DC:DC:2E:81,-41
BLE,1657198810697321710,08:2A:D5:C8:79:AF,-47
BLE,1657198810783331566,C0:F8:BB:9D:12:93,-34
BLE,1657198810882086562,DF:A6:DC:DC:2E:81,-43
BLE,1657198811036725542,C0:F8:BB:9D:12:93,-39
BLE,1657198811051937562,3F:F2:AA:87:D5:AE,-77
BLE,1657198811095375091,DF:A6:DC:DC:2E:81,-37
BLE,1657198811333362738,41:6E:1F:34:B3:B5,-66
BLE,1657198811366903692,3F:F2:AA:87:D5:AE,-76
BLE,1657198811412941157,DF:A6:DC:DC:2E:81,-36
BLE,1657198811486689503,C0:F8:BB:9D:12:93,-35
BLE,1657198811507899724,08:2A:D5:C8:79:AF,-47
BLE,1657198811517805466,DF:A6:DC:DC:2E:81,-45
BLE,1657198811545462830,41:6E:1F:34:B3:B5,-60
BLE,1657198811608639270,08:2A:D5:C8:79:AF,-44
BLE,1657198811635226989,C0:F8:BB:9D:12:93,-34
BLE,1657198811683315058,3F:F2:AA:87:D5:AE,-30
BLE,1657198811705391516,08:2A:D5:C8:79:AF,-53
BLE,1657198811719862760,DF:A6:DC:DC:2E:81,-44
BLE,1657198811737750196,C0:F8:BB:9D:12:93,-37
BLE,1657198811806683708,08:2A:D5:C8:79:AF,-44
BLE,1657198811825537863,DF:A6:DC:DC:2E:81,-41
BLE,1657198811987848355,C0:F8:BB:9D:12:93,-36
BLE,1657198811990503827,3F:F2:AA:87:D5:AE,-27
BLE,1657198812012290323,08:2A:D5:C8:79:AF,-43
BLE,1657198812185744223,C0:F8:BB:9D:12:93,-35
BLE,1657198812208640197,08:2A:D5:C8:79:AF,-46
BLE,1657198812236824022,C0:F8:BB:9D:12:93,-36
BLE,1657198812244842290,DF:A6:DC:DC:2E:81,-49
BLE,1657198812286865196,5A:C7:B6:04:72:57,-61
BLE,1657198812448405657,DF:A6:DC:DC:2E:81,-36
BLE,1657198812508679942,08:2A:D5:C8:79:AF,-44
BLE,1657198812584878559,C0:F8:BB:9D:12:93,-36
BLE,1657198812607326868,08:2A:D5:C8:79:AF,-46
BLE,1657198812686320753,C0:F8:BB:9D:12:93,-37
BLE,1657198812709161893,08:2A:D5:C8:79:AF,-44
BLE,1657198812712738677,3F:F2:AA:87:D5:AE,-80
BLE,1657198812716486738,57:4E:D8:3C:E4:09,-64
BLE,1657198812760630414,DF:A6:DC:DC:2E:81,-37
BLE,1657198812807280488,08:2A:D5:C8:79:AF,-54
BLE,1657198812836698994,C0:F8:BB:9D:12:93,-34
BLE,1657198812919072071,3F:F2:AA:87:D5:AE,-27
BLE,1657198813010372542,08:2A:D5:C8:79:AF,-54
BLE,1657198813036552282,C0:F8:BB:9D:12:93,-35
BLE,1657198813081219494,DF:A6:DC:DC:2E:81,-40
BLE,1657198813136217854,C0:F8:BB:9D:12:93,-36
BLE,1657198813231985440,3F:F2:AA:87:D5:AE,-27
BLE,1657198813287348577,C0:F8:BB:9D:12:93,-35
BLE,1657198813294281386,DF:A6:DC:DC:2E:81,-44
BLE,1657198813338115860,C0:F8:BB:9D:12:93,-36
BLE,1657198813394977529,DF:A6:DC:DC:2E:81,-41
BLE,1657198813434053575,3F:F2:AA:87:D5:AE,-27
BLE,1657198813498481458,DF:A6:DC:DC:2E:81,-43
BLE,1657198813600432541,DF:A6:DC:DC:2E:81,-41
BLE,1657198813642935723,08:2A:D5:C8:79:AF,-46
BLE,1657198813683675931,C0:F8:BB:9D:12:93,-34
BLE,1657198813747977147,08:2A:D5:C8:79:AF,-54
BLE,1657198813785410218,C0:F8:BB:9D:12:93,-37
BLE,1657198813812503381,DF:A6:DC:DC:2E:81,-44
BLE,1657198813849727601,08:2A:D5:C8:79:AF,-47
BLE,1657198813885504881,C0:F8:BB:9D:12:93,-33
BLE,1657198813914215039,DF:A6:DC:DC:2E:81,-40
BLE,1657198813987949666,C0:F8:BB:9D:12:93,-36
BLE,1657198814057272402,08:2A:D5:C8:79:AF,-44
BLE,1657198814236737695,C0:F8:BB:9D:12:93,-37
BLE,1657198814336755731,C0:F8:BB:9D:12:93,-34
BLE,1657198814359170966,08:2A:D5:C8:79:AF,-55
BLE,1657198814437446912,C0:F8:BB:9D:12:93,-37
BLE,1657198814438361613,DF:A6:DC:DC:2E:81,-44
BLE,1657198814457871285,08:2A:D5:C8:79:AF,-46
BLE,1657198814559179797,08:2A:D5:C8:79:AF,-54
BLE,1657198814642485133,DF:A6:DC:DC:2E:81,-44
BLE,1657198814657201229,08:2A:D5:C8:79:AF,-46
BLE,1657198814685787999,C0:F8:BB:9D:12:93,-36
BLE,1657198814740562639,DF:A6:DC:DC:2E:81,-37
BLE,1657198814779930815,3F:F2:AA:87:D5:AE,-67
BLE,1657198814786480254,C0:F8:BB:9D:12:93,-34
BLE,1657198814857186320,08:2A:D5:C8:79:AF,-47
BLE,1657198814888133618,C0:F8:BB:9D:12:93,-37
BLE,1657198814949458216,DF:A6:DC:DC:2E:81,-41
BLE,1657198814957929186,08:2A:D5:C8:79:AF,-44
BLE,1657198815033454902,C0:F8:BB:9D:12:93,-34
BLE,1657198815054978011,DF:A6:DC:DC:2E:81,-37
BLE,1657198815058641332,08:2A:D5:C8:79:AF,-58
BLE,1657198815086499919,C0:F8:BB:9D:12:93,-35
BLE,1657198815099015246,3F:F2:AA:87:D5:AE,-27
BLE,1657198815136514947,C0:F8:BB:9D:12:93,-36
BLE,1657198815202584567,3F:F2:AA:87:D5:AE,-30
BLE,1657198815233441144,C0:F8:BB:9D:12:93,-34
BLE,1657198815265448902,08:2A:D5:C8:79:AF,-46
BLE,1657198815302826456,3F:F2:AA:87:D5:AE,-27
BLE,1657198815387033716,C0:F8:BB:9D:12:93,-36
BLE,1657198815435367157,C0:F8:BB:9D:12:93,-33
BLE,1657198815464722721,08:2A:D5:C8:79:AF,-45
BLE,1657198815484093523,C0:F8:BB:9D:12:93,-34
BLE,1657198815537995519,C0:F8:BB:9D:12:93,-36
BLE,1657198815568698319,08:2A:D5:C8:79:AF,-44
BLE,1657198815573421543,DF:A6:DC:DC:2E:81,-49
BLE,1657198815588143158,C0:F8:BB:9D:12:93,-36
BLE,1657198815619127364,3F:F2:AA:87:D5:AE,-27
BLE,1657198815680621814,DF:A6:DC:DC:2E:81,-43
BLE,1657198815685565112,C0:F8:BB:9D:12:93,-34
BLE,1657198815776031665,08:2A:D5:C8:79:AF,-53
BLE,1657198815786208999,DF:A6:DC:DC:2E:81,-41
BLE,1657198815787938845,C0:F8:BB:9D:12:93,-36
BLE,1657198815833824128,5A:C7:B6:04:72:57,-69
BLE,1657198815837044080,C0:F8:BB:9D:12:93,-37
BLE,1657198815882212292,08:2A:D5:C8:79:AF,-44
BLE,1657198815885227985,C0:F8:BB:9D:12:93,-46
BLE,1657198815887551569,DF:A6:DC:DC:2E:81,-48
BLE,1657198815938098651,C0:F8:BB:9D:12:93,-35
BLE,1657198815979241321,08:2A:D5:C8:79:AF,-53
BLE,1657198815987490755,C0:F8:BB:9D:12:93,-35
BLE,1657198815991604982,DF:A6:DC:DC:2E:81,-44
BLE,1657198816036227233,C0:F8:BB:9D:12:93,-36
BLE,1657198816083477864,08:2A:D5:C8:79:AF,-45
BLE,1657198816090521876,DF:A6:DC:DC:2E:81,-37
BLE,1657198816132892469,3F:F2:AA:87:D5:AE,-27
BLE,1657198816135000628,C0:F8:BB:9D:12:93,-34
BLE,1657198816150347371,41:6E:1F:34:B3:B5,-66
BLE,1657198816183533051,08:2A:D5:C8:79:AF,-53
BLE,1657198816185426971,C0:F8:BB:9D:12:93,-36
BLE,1657198816199684625,DF:A6:DC:DC:2E:81,-34
BLE,1657198816235586314,C0:F8:BB:9D:12:93,-36
BLE,1657198816286641321,C0:F8:BB:9D:12:93,-36
BLE,1657198816290377604,08:2A:D5:C8:79:AF,-53
BLE,1657198816335266688,C0:F8:BB:9D:12:93,-33
BLE,1657198816360526322,41:6E:1F:34:B3:B5,-58
BLE,1657198816387607098,C0:F8:BB:9D:12:93,-35
BLE,1657198816395915235,08:2A:D5:C8:79:AF,-43
BLE,1657198816415937036,DF:A6:DC:DC:2E:81,-41
BLE,1657198816437848255,C0:F8:BB:9D:12:93,-34
BLE,1657198816487891303,C0:F8:BB:9D:12:93,-48
BLE,1657198816515159134,DF:A6:DC:DC:2E:81,-38
BLE,1657198816586838994,C0:F8:BB:9D:12:93,-33
BLE,1657198816635895934,C0:F8:BB:9D:12:93,-35
BLE,1657198816688527157,C0:F8:BB:9D:12:93,-36
BLE,1657198816707898645,08:2A:D5:C8:79:AF,-46
BLE,1657198816730062809,DF:A6:DC:DC:2E:81,-41
BLE,1657198816737961225,C0:F8:BB:9D:12:93,-36
BLE,1657198816752583285,3F:F2:AA:87:D5:AE,-28
BLE,1657198816783046105,FF:BB:14:BB:11:BF,-65
BLE,1657198816786182779,C0:F8:BB:9D:12:93,-33
BLE,1657198816810412806,08:2A:D5:C8:79:AF,-53
BLE,1657198816837646544,C0:F8:BB:9D:12:93,-35
BLE,1657198816840509219,DF:A6:DC:DC:2E:81,-40
BLE,1657198816884525843,C0:F8:BB:9D:12:93,-36
BLE,1657198816915941511,08:2A:D5:C8:79:AF,-44
BLE,1657198816936910049,C0:F8:BB:9D:12:93,-36
BLE,1657198816944994187,DF:A6:DC:DC:2E:81,-37
BLE,1657198816985469231,C0:F8:BB:9D:12:93,-37
BLE,1657198817011665047,08:2A:D5:C8:79:AF,-53
BLE,1657198817035000225,C0:F8:BB:9D:12:93,-33
BLE,1657198817086646064,C0:F8:BB:9D:12:93,-35
BLE,1657198817103724597,41:6E:1F:34:B3:B5,-57
BLE,1657198817119183303,08:2A:D5:C8:79:AF,-44
BLE,1657198817155579139,DF:A6:DC:DC:2E:81,-41
BLE,1657198817185078389,C0:F8:BB:9D:12:93,-37
BLE,1657198817215946892,08:2A:D5:C8:79:AF,-55
BLE,1657198817235305492,C0:F8:BB:9D:12:93,-34
BLE,1657198817257655414,DF:A6:DC:DC:2E:81,-36
BLE,1657198817288032697,C0:F8:BB:9D:12:93,-35
BLE,1657198817314175680,08:2A:D5:C8:79:AF,-47
BLE,1657198817335365144,C0:F8:BB:9D:12:93,-36
BLE,1657198817365989019,DF:A6:DC:DC:2E:81,-43
BLE,1657198817385627210,C0:F8:BB:9D:12:93,-36
BLE,1657198817413513724,08:2A:D5:C8:79:AF,-45
BLE,1657198817471225912,DF:A6:DC:DC:2E:81,-41
BLE,1657198817485604603,C0:F8:BB:9D:12:93,-33
BLE,1657198817513499117,08:2A:D5:C8:79:AF,-46
BLE,1657198817535555022,C0:F8:BB:9D:12:93,-35
BLE,1657198817550093434,2E:CB:29:75:1D:1B,-66
BLE,1657198817588492986,C0:F8:BB:9D:12:93,-36
BLE,1657198817613497584,08:2A:D5:C8:79:AF,-43
BLE,1657198817636533337,C0:F8:BB:9D:12:93,-36
BLE,1657198817679294633,DF:A6:DC:DC:2E:81,-60
BLE,1657198817685057502,C0:F8:BB:9D:12:93,-50
BLE,1657198817719229606,08:2A:D5:C8:79:AF,-62
BLE,1657198817734283979,C0:F8:BB:9D:12:93,-50
BLE,1657198817777313478,DF:A6:DC:DC:2E:81,-50
BLE,1657198817788000070,C0:F8:BB:9D:12:93,-52
BLE,1657198817805287380,3F:F2:AA:87:D5:AE,-32
BLE,1657198817822186803,08:2A:D5:C8:79:AF,-67
BLE,1657198817838115100,C0:F8:BB:9D:12:93,-54
BLE,1657198817936617313,C0:F8:BB:9D:12:93,-49
BLE,1657198818016422110,3F:F2:AA:87:D5:AE,-30
BLE,1657198818025728411,08:2A:D5:C8:79:AF,-68
BLE,1657198818038063294,C0:F8:BB:9D:12:93,-53
BLE,1657198818044930474,41:6E:1F:34:B3:B5,-73
BLE,1657198818087468475,C0:F8:BB:9D:12:93,-53
BLE,1657198818116626541,3F:F2:AA:87:D5:AE,-34
BLE,1657198818129154571,08:2A:D5:C8:79:AF,-60
BLE,1657198818135419013,C0:F8:BB:9D:12:93,-49
BLE,1657198818160080390,77:A6:A8:AE:B8:11,-75
BLE,1657198818185928116,C0:F8:BB:9D:12:93,-45
BLE,1657198818199831160,DF:A6:DC:DC:2E:81,-57
BLE,1657198818227280084,08:2A:D5:C8:79:AF,-68
BLE,1657198818235424630,C0:F8:BB:9D:12:93,-52
BLE,1657198818330482727,08:2A:D5:C8:79:AF,-62
BLE,1657198818361868970,41:6E:1F:34:B3:B5,-76
BLE,1657198818384792298,C0:F8:BB:9D:12:93,-51
BLE,1657198818414283918,DF:A6:DC:DC:2E:81,-56
BLE,1657198818430446955,08:2A:D5:C8:79:AF,-67
BLE,1657198818432759725,3F:F2:AA:87:D5:AE,-34
BLE,1657198818436245602,C0:F8:BB:9D:12:93,-51
BLE,1657198818517286025,DF:A6:DC:DC:2E:81,-52
BLE,1657198818535157926,C0:F8:BB:9D:12:93,-53
BLE,1657198818541594070,3F:F2:AA:87:D5:AE,-34
BLE,1657198818585716233,C0:F8:BB:9D:12:93,-50
BLE,1657198818624488617,DF:A6:DC:DC:2E:81,-61
BLE,1657198818635010729,C0:F8:BB:9D:12:93,-51
BLE,1657198818684950556,C0:F8:BB:9D:12:93,-52
BLE,1657198818729694179,DF:A6:DC:DC:2E:81,-57
BLE,1657198818736197082,C0:F8:BB:9D:12:93,-53
BLE,1657198818739132239,08:2A:D5:C8:79:AF,-60
BLE,1657198818755759089,3F:F2:AA:87:D5:AE,-32
BLE,1657198818785448042,C0:F8:BB:9D:12:93,-53
BLE,1657198818788686956,41:6E:1F:34:B3:B5,-73
BLE,1657198818833909818,C0:F8:BB:9D:12:93,-50
BLE,1657198818863187995,3F:F2:AA:87:D5:AE,-32
BLE,1657198818886841339,C0:F8:BB:9D:12:93,-52
BLE,1657198818934804562,DF:A6:DC:DC:2E:81,-57
BLE,1657198818937638941,C0:F8:BB:9D:12:93,-53
BLE,1657198818940933559,08:2A:D5:C8:79:AF,-60
BLE,1657198818986337106,C0:F8:BB:9D:12:93,-53
BLE,1657198819034770346,DF:A6:DC:DC:2E:81,-54
BLE,1657198819036789339,C0:F8:BB:9D:12:93,-50
BLE,1657198819040354216,08:2A:D5:C8:79:AF,-66
BLE,1657198819065676203,3F:F2:AA:87:D5:AE,-32
BLE,1657198819086344409,C0:F8:BB:9D:12:93,-50
BLE,1657198819134164411,C0:F8:BB:9D:12:93,-52
BLE,1657198819138751729,DF:A6:DC:DC:2E:81,-57
BLE,1657198819140164817,DF:A6:DC:DC:2E:81,-60
BLE,1657198819143470750,08:2A:D5:C8:79:AF,-60
BLE,1657198819186633805,C0:F8:BB:9D:12:93,-53
BLE,1657198819240468749,08:2A:D5:C8:79:AF,-65
BLE,1657198819278160990,3F:F2:AA:87:D5:AE,-30
BLE,1657198819286817201,C0:F8:BB:9D:12:93,-51
BLE,1657198819337254268,C0:F8:BB:9D:12:93,-50
BLE,1657198819342930748,08:2A:D5:C8:79:AF,-62
BLE,1657198819355039706,FF:BB:14:BB:11:BF,-74
BLE,1657198819385016529,C0:F8:BB:9D:12:93,-52
BLE,1657198819435663558,C0:F8:BB:9D:12:93,-53
BLE,1657198819448075979,DF:A6:DC:DC:2E:81,-56
BLE,1657198819494099857,3F:F2:AA:87:D5:AE,-33
BLE,1657198819535095883,C0:F8:BB:9D:12:93,-50
BLE,1657198819549165612,08:2A:D5:C8:79:AF,-60
BLE,1657198819587553073,C0:F8:BB:9D:12:93,-52
BLE,1657198819595033084,3F:F2:AA:87:D5:AE,-30
BLE,1657198819635714185,C0:F8:BB:9D:12:93,-53
BLE,1657198819647847939,08:2A:D5:C8:79:AF,-65
BLE,1657198819695746533,3F:F2:AA:87:D5:AE,-32
BLE,1657198819734451363,C0:F8:BB:9D:12:93,-50
BLE,1657198819749174664,08:2A:D5:C8:79:AF,-60
BLE,1657198819756854286,DF:A6:DC:DC:2E:81,-54
BLE,1657198819786881386,C0:F8:BB:9D:12:93,-51
BLE,1657198819837518453,C0:F8:BB:9D:12:93,-53
BLE,1657198819886104897,C0:F8:BB:9D:12:93,-54
BLE,1657198819901987879,3F:F2:AA:87:D5:AE,-33
BLE,1657198819951716189,08:2A:D5:C8:79:AF,-60
BLE,1657198819966759341,2E:CB:29:75:1D:1B,-85
BLE,1657198819969041889,DF:A6:DC:DC:2E:81,-57
BLE,1657198820006692981,3F:F2:AA:87:D5:AE,-34
BLE,1657198820035704067,C0:F8:BB:9D:12:93,-52
BLE,1657198820070035931,DF:A6:DC:DC:2E:81,-53
BLE,1657198820086814725,C0:F8:BB:9D:12:93,-53
BLE,1657198820109372037,3F:F2:AA:87:D5:AE,-30
BLE,1657198820135904668,C0:F8:BB:9D:12:93,-53
BLE,1657198820176992565,DF:A6:DC:DC:2E:81,-60
BLE,1657198820185114129,C0:F8:BB:9D:12:93,-50
BLE,1657198820209661101,3F:F2:AA:87:D5:AE,-34
BLE,1657198820233755537,C0:F8:BB:9D:12:93,-50
BLE,1657198820259227875,08:2A:D5:C8:79:AF,-62
BLE,1657198820281259078,DF:A6:DC:DC:2E:81,-56
BLE,1657198820285129657,C0:F8:BB:9D:12:93,-52
BLE,1657198820311445474,3F:F2:AA:87:D5:AE,-30
BLE,1657198820337198053,C0:F8:BB:9D:12:93,-53
BLE,1657198820356708949,08:2A:D5:C8:79:AF,-60
BLE,1657198820385031093,C0:F8:BB:9D:12:93,-50
BLE,1657198820419105180,3F:F2:AA:87:D5:AE,-32
BLE,1657198820437525968,C0:F8:BB:9D:12:93,-51
BLE,1657198820460994184,08:2A:D5:C8:79:AF,-62
BLE,1657198820485921451,C0:F8:BB:9D:12:93,-51
BLE,1657198820491291488,DF:A6:DC:DC:2E:81,-59
BLE,1657198820524191894,3F:F2:AA:87:D5:AE,-34
BLE,1657198820536860146,C0:F8:BB:9D:12:93,-53
BLE,1657198820560459362,08:2A:D5:C8:79:AF,-61
BLE,1657198820584969111,C0:F8:BB:9D:12:93,-53
BLE,1657198820592782140,DF:A6:DC:DC:2E:81,-54
BLE,1657198820633271279,C0:F8:BB:9D:12:93,-50
BLE,1657198820657955139,08:2A:D5:C8:79:AF,-65
BLE,1657198820700250253,DF:A6:DC:DC:2E:81,-53
BLE,1657198820734763894,C0:F8:BB:9D:12:93,-51
BLE,1657198820764818791,08:2A:D5:C8:79:AF,-60
BLE,1657198820788104471,C0:F8:BB:9D:12:93,-53
BLE,1657198820835579456,C0:F8:BB:9D:12:93,-50
BLE,1657198820839156240,3F:F2:AA:87:D5:AE,-34
BLE,1657198820861032295,08:2A:D5:C8:79:AF,-66
BLE,1657198820885116842,C0:F8:BB:9D:12:93,-51
BLE,1657198820912553878,DF:A6:DC:DC:2E:81,-56
BLE,1657198820959779160,08:2A:D5:C8:79:AF,-62
BLE,1657198820986729512,C0:F8:BB:9D:12:93,-53
BLE,1657198821054021838,3F:F2:AA:87:D5:AE,-30
BLE,1657198821085519842,C0:F8:BB:9D:12:93,-51
BLE,1657198821114602187,DF:A6:DC:DC:2E:81,-56
BLE,1657198821137576276,C0:F8:BB:9D:12:93,-51
BLE,1657198821154796587,08:2A:D5:C8:79:AF,-51
BLE,1657198821183939580,C0:F8:BB:9D:12:93,-51
BLE,1657198821218154167,DF:A6:DC:DC:2E:81,-54
BLE,1657198821236356068,C0:F8:BB:9D:12:93,-53
BLE,1657198821259255231,08:2A:D5:C8:79:AF,-62
BLE,1657198821266224300,3F:F2:AA:87:D5:AE,-34
BLE,1657198821285248865,C0:F8:BB:9D:12:93,-51
BLE,1657198821323589715,DF:A6:DC:DC:2E:81,-59
BLE,1657198821334555604,C0:F8:BB:9D:12:93,-50
BLE,1657198821368757358,08:2A:D5:C8:79:AF,-60
BLE,1657198821429405521,DF:A6:DC:DC:2E:81,-56
BLE,1657198821435560334,C0:F8:BB:9D:12:93,-53
BLE,1657198821469840939,08:2A:D5:C8:79:AF,-65
BLE,1657198821535196346,DF:A6:DC:DC:2E:81,-54
BLE,1657198821570509614,08:2A:D5:C8:79:AF,-60
BLE,1657198821583291496,C0:F8:BB:9D:12:93,-49
BLE,1657198821588484553,3F:F2:AA:87:D5:AE,-33
BLE,1657198821635107431,C0:F8:BB:9D:12:93,-51
BLE,1657198821687588196,C0:F8:BB:9D:12:93,-53
BLE,1657198821697952550,3F:F2:AA:87:D5:AE,-32
BLE,1657198821750456649,DF:A6:DC:DC:2E:81,-61
BLE,1657198821783499740,C0:F8:BB:9D:12:93,-51
BLE,1657198821803166006,3F:F2:AA:87:D5:AE,-34
BLE,1657198821836971965,C0:F8:BB:9D:12:93,-51
BLE,1657198821848813758,DF:A6:DC:DC:2E:81,-53
BLE,1657198821875491833,08:2A:D5:C8:79:AF,-65
BLE,1657198821886418296,C0:F8:BB:9D:12:93,-53
BLE,1657198821904246180,3F:F2:AA:87:D5:AE,-32
BLE,1657198821935266055,C0:F8:BB:9D:12:93,-54
BLE,1657198821952601107,DF:A6:DC:DC:2E:81,-59
BLE,1657198821978548537,08:2A:D5:C8:79:AF,-60
BLE,1657198821986418029,C0:F8:BB:9D:12:93,-50
BLE,1657198822012887735,3F:F2:AA:87:D5:AE,-33
BLE,1657198822035293437,C0:F8:BB:9D:12:93,-51
BLE,1657198822053189432,DF:A6:DC:DC:2E:81,-53
BLE,1657198822083561495,08:2A:D5:C8:79:AF,-62
BLE,1657198822118492099,3F:F2:AA:87:D5:AE,-34
BLE,1657198822136122095,C0:F8:BB:9D:12:93,-53
BLE,1657198822160097865,DF:A6:DC:DC:2E:81,-59
BLE,1657198822185737852,C0:F8:BB:9D:12:93,-45
BLE,1657198822219586460,3F:F2:AA:87:D5:AE,-34
BLE,1657198822234314447,5A:C7:B6:04:72:57,-76
BLE,1657198822237552269,C0:F8:BB:9D:12:93,-52
BLE,1657198822268152647,DF:A6:DC:DC:2E:81,-59
BLE,1657198822286538640,C0:F8:BB:9D:12:93,-52
BLE,1657198822335529640,C0:F8:BB:9D:12:93,-53
BLE,1657198822373432586,DF:A6:DC:DC:2E:81,-56
BLE,1657198822386451171,C0:F8:BB:9D:12:93,-53
BLE,1657198822393563610,08:2A:D5:C8:79:AF,-65
BLE,1657198822434338879,C0:F8:BB:9D:12:93,-50
BLE,1657198822475786072,DF:A6:DC:DC:2E:81,-60
BLE,1657198822493786770,08:2A:D5:C8:79:AF,-61
BLE,1657198822527922172,3F:F2:AA:87:D5:AE,-34
BLE,1657198822535778164,C0:F8:BB:9D:12:93,-52
BLE,1657198822585109793,DF:A6:DC:DC:2E:81,-60
BLE,1657198822596271866,08:2A:D5:C8:79:AF,-64
BLE,1657198822628995070,3F:F2:AA:87:D5:AE,-30
BLE,1657198822683145108,DF:A6:DC:DC:2E:81,-53
BLE,1657198822734332879,C0:F8:BB:9D:12:93,-52
BLE,1657198822836420385,C0:F8:BB:9D:12:93,-53
BLE,1657198822885761754,C0:F8:BB:9D:12:93,-50
BLE,1657198822935116457,C0:F8:BB:9D:12:93,-52
BLE,1657198822985280250,C0:F8:BB:9D:12:93,-50
BLE,1657198822996991414,DF:A6:DC:DC:2E:81,-48
BLE,1657198823036449484,C0:F8:BB:9D:12:93,-53
BLE,1657198823043020925,3F:F2:AA:87:D5:AE,-34
BLE,1657198823085735743,C0:F8:BB:9D:12:93,-50
BLE,1657198823102766612,DF:A6:DC:DC:2E:81,-60
BLE,1657198823135279409,C0:F8:BB:9D:12:93,-50
BLE,1657198823206393336,DF:A6:DC:DC:2E:81,-57
BLE,1657198823211034931,08:2A:D5:C8:79:AF,-62
BLE,1657198823237046140,C0:F8:BB:9D:12:93,-53
BLE,1657198823250827463,3F:F2:AA:87:D5:AE,-32
BLE,1657198823311973460,DF:A6:DC:DC:2E:81,-53
BLE,1657198823334175274,C0:F8:BB:9D:12:93,-50
BLE,1657198823356043812,3F:F2:AA:87:D5:AE,-34
BLE,1657198823386011081,C0:F8:BB:9D:12:93,-51
BLE,1657198823419802985,08:2A:D5:C8:79:AF,-60
BLE,1657198823434789175,C0:F8:BB:9D:12:93,-51
BLE,1657198823456680768,3F:F2:AA:87:D5:AE,-32
BLE,1657198823484397378,C0:F8:BB:9D:12:93,-53
BLE,1657198823532209365,DF:A6:DC:DC:2E:81,-60
BLE,1657198823558460091,3F:F2:AA:87:D5:AE,-34
BLE,1657198823583241155,C0:F8:BB:9D:12:93,-50
BLE,1657198823585604666,41:6E:1F:34:B3:B5,-75
BLE,1657198823627971486,08:2A:D5:C8:79:AF,-65
BLE,1657198823635536979,C0:F8:BB:9D:12:93,-51
BLE,1657198823641862476,DF:A6:DC:DC:2E:81,-59
BLE,1657198823662722887,3F:F2:AA:87:D5:AE,-30
BLE,1657198823686450325,C0:F8:BB:9D:12:93,-54
BLE,1657198823734826976,C0:F8:BB:9D:12:93,-53
BLE,1657198823741752675,DF:A6:DC:DC:2E:81,-53
BLE,1657198823770455189,3F:F2:AA:87:D5:AE,-33
BLE,1657198823786382487,C0:F8:BB:9D:12:93,-51
BLE,1657198823829769804,08:2A:D5:C8:79:AF,-66
BLE,1657198823851012158,DF:A6:DC:DC:2E:81,-53
BLE,1657198823872992176,3F:F2:AA:87:D5:AE,-34
BLE,1657198823886098132,C0:F8:BB:9D:12:93,-51
BLE,1657198823935201874,C0:F8:BB:9D:12:93,-54
BLE,1657198823982635750,3F:F2:AA:87:D5:AE,-30
BLE,1657198824035451683,C0:F8:BB:9D:12:93,-50
BLE,1657198824061506466,DF:A6:DC:DC:2E:81,-55
BLE,1657198824086307290,C0:F8:BB:9D:12:93,-52
BLE,1657198824088369431,3F:F2:AA:87:D5:AE,-32
BLE,1657198824136396455,C0:F8:BB:9D:12:93,-53
BLE,1657198824165705782,DF:A6:DC:DC:2E:81,-54
BLE,1657198824185014810,C0:F8:BB:9D:12:93,-53
BLE,1657198824233924942,C0:F8:BB:9D:12:93,-50
BLE,1657198824243563224,08:2A:D5:C8:79:AF,-63
BLE,1657198824286888542,C0:F8:BB:9D:12:93,-52
BLE,1657198824301019365,3F:F2:AA:87:D5:AE,-34
BLE,1657198824335673896,C0:F8:BB:9D:12:93,-51
BLE,1657198824377248590,DF:A6:DC:DC:2E:81,-56
BLE,1657198824387292315,C0:F8:BB:9D:12:93,-53
BLE,1657198824407003416,3F:F2:AA:87:D5:AE,-30
BLE,1657198824433288698,77:A6:A8:AE:B8:11,-76
BLE,1657198824447336576,08:2A:D5:C8:79:AF,-62
BLE,1657198824481678553,DF:A6:DC:DC:2E:81,-54
BLE,1657198824486008687,C0:F8:BB:9D:12:93,-51
BLE,1657198824515283311,3F:F2:AA:87:D5:AE,-32
BLE,1657198824585880573,C0:F8:BB:9D:12:93,-53
BLE,1657198824589418339,DF:A6:DC:DC:2E:81,-60
BLE,1657198824617328430,3F:F2:AA:87:D5:AE,-34
BLE,1657198824635290426,C0:F8:BB:9D:12:93,-48
BLE,1657198824657347148,08:2A:D5:C8:79:AF,-60
BLE,1657198824684541353,C0:F8:BB:9D:12:93,-50
BLE,1657198824694129598,DF:A6:DC:DC:2E:81,-56
BLE,1657198824718421683,3F:F2:AA:87:D5:AE,-32
BLE,1657198824753600213,08:2A:D5:C8:79:AF,-65
BLE,1657198824796707327,DF:A6:DC:DC:2E:81,-54
BLE,1657198824828026092,3F:F2:AA:87:D5:AE,-32
BLE,1657198824835138994,C0:F8:BB:9D:12:93,-54
BLE,1657198824852354918,08:2A:D5:C8:79:AF,-62
BLE,1657198824933096535,C0:F8:BB:9D:12:93,-51
BLE,1657198824950476773,08:2A:D5:C8:79:AF,-60
BLE,1657198824986472411,C0:F8:BB:9D:12:93,-52
BLE,1657198825014270151,DF:A6:DC:DC:2E:81,-59
BLE,1657198825035639691,C0:F8:BB:9D:12:93,-54
BLE,1657198825039521270,3F:F2:AA:87:D5:AE,-30
BLE,1657198825085508228,C0:F8:BB:9D:12:93,-53
BLE,1657198825122794862,DF:A6:DC:DC:2E:81,-57
BLE,1657198825135818522,C0:F8:BB:9D:12:93,-51
BLE,1657198825157265006,08:2A:D5:C8:79:AF,-64
BLE,1657198825186417945,C0:F8:BB:9D:12:93,-52
BLE,1657198825228265750,DF:A6:DC:DC:2E:81,-53
BLE,1657198825246016524,3F:F2:AA:87:D5:AE,-34
BLE,1657198825264785757,08:2A:D5:C8:79:AF,-61
BLE,1657198825287130330,C0:F8:BB:9D:12:93,-53
BLE,1657198825316801139,57:4E:D8:3C:E4:09,-79
BLE,1657198825362279597,08:2A:D5:C8:79:AF,-65
BLE,1657198825385588705,C0:F8:BB:9D:12:93,-50
BLE,1657198825435681129,C0:F8:BB:9D:12:93,-52
BLE,1657198825440690242,DF:A6:DC:DC:2E:81,-60
BLE,1657198825452268685,3F:F2:AA:87:D5:AE,-34
BLE,1657198825463186260,08:2A:D5:C8:79:AF,-61
BLE,1657198825486395645,C0:F8:BB:9D:12:93,-53
BLE,1657198825541383665,DF:A6:DC:DC:2E:81,-54
BLE,1657198825583354969,C0:F8:BB:9D:12:93,-50
BLE,1657198825632604415,C0:F8:BB:9D:12:93,-50
BLE,1657198825654728600,3F:F2:AA:87:D5:AE,-34
BLE,1657198825685935681,C0:F8:BB:9D:12:93,-52
BLE,1657198825735811217,C0:F8:BB:9D:12:93,-53
BLE,1657198825786357419,C0:F8:BB:9D:12:93,-50
BLE,1657198825833253150,C0:F8:BB:9D:12:93,-50
BLE,1657198825862837237,DF:A6:DC:DC:2E:81,-56
BLE,1657198825866130059,08:2A:D5:C8:79:AF,-64
BLE,1657198825871596430,3F:F2:AA:87:D5:AE,-30
BLE,1657198825885932641,C0:F8:BB:9D:12:93,-52
BLE,1657198825936774767,C0:F8:BB:9D:12:93,-54
BLE,1657198825966553723,2E:CB:29:75:1D:1B,-64
BLE,1657198825968239532,08:2A:D5:C8:79:AF,-49
BLE,1657198826033598295,C0:F8:BB:9D:12:93,-50
BLE,1657198826066714722,08:2A:D5:C8:79:AF,-62
BLE,1657198826070620375,DF:A6:DC:DC:2E:81,-59
BLE,1657198826085660233,C0:F8:BB:9D:12:93,-51
BLE,1657198826135857139,C0:F8:BB:9D:12:93,-51
BLE,1657198826170750356,08:2A:D5:C8:79:AF,-49
BLE,1657198826175636711,DF:A6:DC:DC:2E:81,-55
BLE,1657198826185720047,3F:F2:AA:87:D5:AE,-30
BLE,1657198826187562634,C0:F8:BB:9D:12:93,-53
BLE,1657198826269438046,08:2A:D5:C8:79:AF,-62
BLE,1657198826281495450,DF:A6:DC:DC:2E:81,-54
BLE,1657198826284035923,C0:F8:BB:9D:12:93,-50
BLE,1657198826335875010,C0:F8:BB:9D:12:93,-52
BLE,1657198826367258813,08:2A:D5:C8:79:AF,-60
BLE,1657198826385255253,C0:F8:BB:9D:12:93,-53
BLE,1657198826389461665,DF:A6:DC:DC:2E:81,-58
BLE,1657198826400412276,3F:F2:AA:87:D5:AE,-32
BLE,1657198826435095235,C0:F8:BB:9D:12:93,-53
BLE,1657198826484607829,C0:F8:BB:9D:12:93,-50
BLE,1657198826492297822,DF:A6:DC:DC:2E:81,-56
BLE,1657198826535501715,C0:F8:BB:9D:12:93,-51
BLE,1657198826566923647,08:2A:D5:C8:79:AF,-61
BLE,1657198826584259645,C0:F8:BB:9D:12:93,-51
BLE,1657198826608379935,3F:F2:AA:87:D5:AE,-32
BLE,1657198826636016547,C0:F8:BB:9D:12:93,-53
BLE,1657198826664216693,08:2A:D5:C8:79:AF,-64
BLE,1657198826700373258,DF:A6:DC:DC:2E:81,-59
BLE,1657198826717979292,3F:F2:AA:87:D5:AE,-32
BLE,1657198826736097065,C0:F8:BB:9D:12:93,-51
BLE,1657198826768848974,08:2A:D5:C8:79:AF,-60
BLE,1657198826783949813,C0:F8:BB:9D:12:93,-52
BLE,1657198826799620001,DF:A6:DC:DC:2E:81,-53
BLE,1657198826836370046,C0:F8:BB:9D:12:93,-53
BLE,1657198826868595809,08:2A:D5:C8:79:AF,-64
BLE,1657198826904870688,DF:A6:DC:DC:2E:81,-59
BLE,1657198826918031607,3F:F2:AA:87:D5:AE,-32
BLE,1657198826933929184,C0:F8:BB:9D:12:93,-50
BLE,1657198826985275438,C0:F8:BB:9D:12:93,-52
BLE,1657198827010864298,DF:A6:DC:DC:2E:81,-56
BLE,1657198827024830825,3F:F2:AA:87:D5:AE,-34
BLE,1657198827034528960,C0:F8:BB:9D:12:93,-52
BLE,1657198827073649108,08:2A:D5:C8:79:AF,-66
BLE,1657198827085678994,C0:F8:BB:9D:12:93,-53
BLE,1657198827120729674,DF:A6:DC:DC:2E:81,-58
BLE,1657198827182835153,C0:F8:BB:9D:12:93,-51
BLE,1657198827224904958,DF:A6:DC:DC:2E:81,-52
BLE,1657198827235079702,C0:F8:BB:9D:12:93,-51
BLE,1657198827279525443,08:2A:D5:C8:79:AF,-62
BLE,1657198827285495535,C0:F8:BB:9D:12:93,-53
BLE,1657198827331908659,DF:A6:DC:DC:2E:81,-59
BLE,1657198827386476552,C0:F8:BB:9D:12:93,-51
BLE,1657198827430389202,DF:A6:DC:DC:2E:81,-53
BLE,1657198827436753737,3F:F2:AA:87:D5:AE,-32
BLE,1657198827480810609,08:2A:D5:C8:79:AF,-61
BLE,1657198827487719790,C0:F8:BB:9D:12:93,-53
BLE,1657198827535137669,C0:F8:BB:9D:12:93,-53
BLE,1657198827537555439,DF:A6:DC:DC:2E:81,-59
BLE,1657198827585838816,08:2A:D5:C8:79:AF,-65
BLE,1657198827634628247,C0:F8:BB:9D:12:93,-50
BLE,1657198827638007254,3F:F2:AA:87:D5:AE,-32
BLE,1657198827642093463,DF:A6:DC:DC:2E:81,-56
BLE,1657198827683298233,08:2A:D5:C8:79:AF,-62
BLE,1657198827686574556,C0:F8:BB:9D:12:93,-52
BLE,1657198827736923815,C0:F8:BB:9D:12:93,-53
BLE,1657198827745427305,DF:A6:DC:DC:2E:81,-54
BLE,1657198827783549068,08:2A:D5:C8:79:AF,-61
BLE,1657198827834367529,C0:F8:BB:9D:12:93,-50
BLE,1657198827886306616,C0:F8:BB:9D:12:93,-51
BLE,1657198827937765852,C0:F8:BB:9D:12:93,-53
BLE,1657198827983143276,13:B8:66:76:BE:41,-90
BLE,1657198828035474806,C0:F8:BB:9D:12:93,-50
BLE,1657198828059251765,3F:F2:AA:87:D5:AE,-34
BLE,1657198828083102964,C0:F8:BB:9D:12:93,-50
BLE,1657198828090673809,08:2A:D5:C8:79:AF,-62
BLE,1657198828134148351,C0:F8:BB:9D:12:93,-52
BLE,1657198828158038494,DF:A6:DC:DC:2E:81,-56
BLE,1657198828190496090,08:2A:D5:C8:79:AF,-61
BLE,1657198828217176410,77:A6:A8:AE:B8:11,-75
BLE,1657198828269641644,3F:F2:AA:87:D5:AE,-32
BLE,1657198828284416039,C0:F8:BB:9D:12:93,-51
BLE,1657198828335249946,C0:F8:BB:9D:12:93,-53
BLE,1657198828377289436,3F:F2:AA:87:D5:AE,-34
BLE,1657198828385823371,C0:F8:BB:9D:12:93,-51
BLE,1657198828395772209,08:2A:D5:C8:79:AF,-64
BLE,1657198828437048387,C0:F8:BB:9D:12:93,-54
BLE,1657198828479297748,DF:A6:DC:DC:2E:81,-60
BLE,1657198828485292339,C0:F8:BB:9D:12:93,-50
BLE,1657198828501947654,08:2A:D5:C8:79:AF,-61
BLE,1657198828535270229,C0:F8:BB:9D:12:93,-51
BLE,1657198828583254830,DF:A6:DC:DC:2E:81,-57
BLE,1657198828586764337,C0:F8:BB:9D:12:93,-52
BLE,1657198828590772972,3F:F2:AA:87:D5:AE,-30
BLE,1657198828635283547,C0:F8:BB:9D:12:93,-53
BLE,1657198828696761400,3F:F2:AA:87:D5:AE,-32
BLE,1657198828733263816,C0:F8:BB:9D:12:93,-50
BLE,1657198828783394577,C0:F8:BB:9D:12:93,-51
BLE,1657198828793021082,DF:A6:DC:DC:2E:81,-59
BLE,1657198828796078886,08:2A:D5:C8:79:AF,-61
BLE,1657198828888234119,C0:F8:BB:9D:12:93,-53
BLE,1657198828935208871,C0:F8:BB:9D:12:93,-49
BLE,1657198828986024741,C0:F8:BB:9D:12:93,-50
BLE,1657198829005256325,DF:A6:DC:DC:2E:81,-54
BLE,1657198829008726517,3F:F2:AA:87:D5:AE,-34
BLE,1657198829035783669,C0:F8:BB:9D:12:93,-51
BLE,1657198829087208482,C0:F8:BB:9D:12:93,-54
BLE,1657198829100732863,08:2A:D5:C8:79:AF,-63
BLE,1657198829108308301,DF:A6:DC:DC:2E:81,-59
BLE,1657198829133192793,13:B8:66:76:BE:41,-91
BLE,1657198829185921490,C0:F8:BB:9D:12:93,-50
BLE,1657198829206956921,DF:A6:DC:DC:2E:81,-53
BLE,1657198829218506865,3F:F2:AA:87:D5:AE,-32
BLE,1657198829235793419,C0:F8:BB:9D:12:93,-52
BLE,1657198829284020686,C0:F8:BB:9D:12:93,-52
BLE,1657198829311772558,DF:A6:DC:DC:2E:81,-59
BLE,1657198829318569535,3F:F2:AA:87:D5:AE,-34
BLE,1657198829334409187,C0:F8:BB:9D:12:93,-53
BLE,1657198829403228553,08:2A:D5:C8:79:AF,-61
BLE,1657198829426663328,3F:F2:AA:87:D5:AE,-30
BLE,1657198829433389806,5A:C7:B6:04:72:57,-77
BLE,1657198829435540632,C0:F8:BB:9D:12:93,-50
BLE,1657198829486991537,C0:F8:BB:9D:12:93,-51
BLE,1657198829502291746,08:2A:D5:C8:79:AF,-65
BLE,1657198829528004254,DF:A6:DC:DC:2E:81,-56
BLE,1657198829531742723,3F:F2:AA:87:D5:AE,-32
BLE,1657198829536716540,C0:F8:BB:9D:12:93,-53
BLE,1657198829607316919,08:2A:D5:C8:79:AF,-61
BLE,1657198829632969446,C0:F8:BB:9D:12:93,-51
BLE,1657198829637988578,3F:F2:AA:87:D5:AE,-34
BLE,1657198829685767217,C0:F8:BB:9D:12:93,-52
BLE,1657198829712985794,08:2A:D5:C8:79:AF,-62
BLE,1657198829733038506,DF:A6:DC:DC:2E:81,-56
BLE,1657198829739574818,3F:F2:AA:87:D5:AE,-30
BLE,1657198829787630715,C0:F8:BB:9D:12:93,-53
BLE,1657198829800145322,77:A6:A8:AE:B8:11,-79
BLE,1657198829813219464,08:2A:D5:C8:79:AF,-65
BLE,1657198829835089318,C0:F8:BB:9D:12:93,-50
BLE,1657198829841130521,3F:F2:AA:87:D5:AE,-34
BLE,1657198829884907951,C0:F8:BB:9D:12:93,-50
BLE,1657198829915486572,08:2A:D5:C8:79:AF,-61
BLE,1657198829933668105,C0:F8:BB:9D:12:93,-52
BLE,1657198829944038127,DF:A6:DC:DC:2E:81,-58
BLE,1657198829948566408,3F:F2:AA:87:D5:AE,-34
BLE,1657198829966579164,5A:C7:B6:04:72:57,-82
BLE,1657198829986474006,C0:F8:BB:9D:12:93,-53
BLE,1657198830036137361,C0:F8:BB:9D:12:93,-54
BLE,1657198830045817274,DF:A6:DC:DC:2E:81,-56
BLE,1657198830049652743,3F:F2:AA:87:D5:AE,-32
BLE,1657198830083244559,C0:F8:BB:9D:12:93,-50
BLE,1657198830113556811,08:2A:D5:C8:79:AF,-62
BLE,1657198830135150167,C0:F8:BB:9D:12:93,-51
BLE,1657198830150537061,3F:F2:AA:87:D5:AE,-34
BLE,1657198830154127419,DF:A6:DC:DC:2E:81,-53
BLE,1657198830183673804,C0:F8:BB:9D:12:93,-52
BLE,1657198830213235596,08:2A:D5:C8:79:AF,-60
BLE,1657198830236622594,C0:F8:BB:9D:12:93,-53
BLE,1657198830259168964,3F:F2:AA:87:D5:AE,-30
BLE,1657198830333862683,C0:F8:BB:9D:12:93,-50
BLE,1657198830368387884,DF:A6:DC:DC:2E:81,-60
BLE,1657198830385668217,C0:F8:BB:9D:12:93,-52
BLE,1657198830421981987,08:2A:D5:C8:79:AF,-65
BLE,1657198830433607671,C0:F8:BB:9D:12:93,-51
BLE,1657198830467387208,3F:F2:AA:87:D5:AE,-34
BLE,1657198830519496352,08:2A:D5:C8:79:AF,-62
BLE,1657198830533185660,C0:F8:BB:9D:12:93,-51
BLE,1657198830575968371,DF:A6:DC:DC:2E:81,-59
BLE,1657198830582840015,C0:F8:BB:9D:12:93,-50
BLE,1657198830621131779,08:2A:D5:C8:79:AF,-61
BLE,1657198830634502624,C0:F8:BB:9D:12:93,-52
BLE,1657198830684402442,C0:F8:BB:9D:12:93,-47
BLE,1657198830736170050,C0:F8:BB:9D:12:93,-50
BLE,1657198830784452281,C0:F8:BB:9D:12:93,-51
BLE,1657198830822062677,08:2A:D5:C8:79:AF,-60
BLE,1657198830887551295,C0:F8:BB:9D:12:93,-54
BLE,1657198830889640881,3F:F2:AA:87:D5:AE,-30
BLE,1657198830931140616,08:2A:D5:C8:79:AF,-60
BLE,1657198830935331546,C0:F8:BB:9D:12:93,-53
BLE,1657198830985934844,C0:F8:BB:9D:12:93,-45
BLE,1657198830990811272,DF:A6:DC:DC:2E:81,-41
BLE,1657198831010123950,41:6E:1F:34:B3:B5,-58
BLE,1657198831031126826,08:2A:D5:C8:79:AF,-50
BLE,1657198831037141917,C0:F8:BB:9D:12:93,-36
BLE,1657198831084538522,C0:F8:BB:9D:12:93,-36
BLE,1657198831096019595,DF:A6:DC:DC:2E:81,-38
BLE,1657198831133264659,08:2A:D5:C8:79:AF,-44
BLE,1657198831135649763,C0:F8:BB:9D:12:93,-36
BLE,1657198831203410708,3F:F2:AA:87:D5:AE,-30
BLE,1657198831233370314,C0:F8:BB:9D:12:93,-34
BLE,1657198831285243978,C0:F8:BB:9D:12:93,-35
BLE,1657198831316908116,DF:A6:DC:DC:2E:81,-44
BLE,1657198831335276093,C0:F8:BB:9D:12:93,-40
BLE,1657198831385935928,C0:F8:BB:9D:12:93,-37
BLE,1657198831415191018,DF:A6:DC:DC:2E:81,-37
BLE,1657198831434068956,C0:F8:BB:9D:12:93,-34
BLE,1657198831486129675,C0:F8:BB:9D:12:93,-35
BLE,1657198831534054760,C0:F8:BB:9D:12:93,-36
BLE,1657198831539688704,08:2A:D5:C8:79:AF,-57
BLE,1657198831586759014,C0:F8:BB:9D:12:93,-37
BLE,1657198831631143795,DF:A6:DC:DC:2E:81,-43
BLE,1657198831635968483,C0:F8:BB:9D:12:93,-33
BLE,1657198831682997848,C0:F8:BB:9D:12:93,-34
BLE,1657198831733581405,C0:F8:BB:9D:12:93,-35
BLE,1657198831742106118,08:2A:D5:C8:79:AF,-44
BLE,1657198831786865121,C0:F8:BB:9D:12:93,-36
BLE,1657198831817273503,57:4E:D8:3C:E4:09,-64
BLE,1657198831835819257,C0:F8:BB:9D:12:93,-36
BLE,1657198831884553821,C0:F8:BB:9D:12:93,-34
BLE,1657198831935833839,C0:F8:BB:9D:12:93,-36
BLE,1657198831939908511,DF:A6:DC:DC:2E:81,-41
BLE,1657198831984161274,C0:F8:BB:9D:12:93,-35
BLE,1657198832035795606,C0:F8:BB:9D:12:93,-36
BLE,1657198832042053845,08:2A:D5:C8:79:AF,-50
BLE,1657198832066681653,77:A6:A8:AE:B8:11,-61
BLE,1657198832136003428,C0:F8:BB:9D:12:93,-33
BLE,1657198832172665495,77:A6:A8:AE:B8:11,-64
BLE,1657198832185721211,C0:F8:BB:9D:12:93,-35
BLE,1657198832222672832,FF:BB:14:BB:11:BF,-59
BLE,1657198832237050952,C0:F8:BB:9D:12:93,-36
BLE,1657198832245792479,08:2A:D5:C8:79:AF,-49
BLE,1657198832268953830,41:6E:1F:34:B3:B5,-59
BLE,1657198832332869808,C0:F8:BB:9D:12:93,-33
BLE,1657198832352397596,08:2A:D5:C8:79:AF,-45
BLE,1657198832364452057,DF:A6:DC:DC:2E:81,-41
BLE,1657198832383328070,C0:F8:BB:9D:12:93,-34
BLE,1657198832437827282,C0:F8:BB:9D:12:93,-36
BLE,1657198832448126045,08:2A:D5:C8:79:AF,-49
BLE,1657198832469612993,DF:A6:DC:DC:2E:81,-38
BLE,1657198832485870737,C0:F8:BB:9D:12:93,-36
BLE,1657198832554400255,08:2A:D5:C8:79:AF,-44
BLE,1657198832575998389,DF:A6:DC:DC:2E:81,-42
BLE,1657198832585760820,C0:F8:BB:9D:12:93,-34
BLE,1657198832635690047,C0:F8:BB:9D:12:93,-36
BLE,1657198832653726414,08:2A:D5:C8:79:AF,-50
BLE,1657198832683244300,DF:A6:DC:DC:2E:81,-41
BLE,1657198832736467219,C0:F8:BB:9D:12:93,-36
BLE,1657198832756884635,08:2A:D5:C8:79:AF,-44
BLE,1657198832785779911,C0:F8:BB:9D:12:93,-51
BLE,1657198832792728778,DF:A6:DC:DC:2E:81,-41
BLE,1657198832833154480,C0:F8:BB:9D:12:93,-34
BLE,1657198832861142018,08:2A:D5:C8:79:AF,-46
BLE,1657198832884673646,C0:F8:BB:9D:12:93,-35
BLE,1657198832900076281,DF:A6:DC:DC:2E:81,-37
BLE,1657198832935880387,C0:F8:BB:9D:12:93,-36
BLE,1657198832959395940,08:2A:D5:C8:79:AF,-45
BLE,1657198832983488177,5A:C7:B6:04:72:57,-65
BLE,1657198832985926076,C0:F8:BB:9D:12:93,-34
BLE,1657198833008945705,41:6E:1F:34:B3:B5,-60
BLE,1657198833033359219,C0:F8:BB:9D:12:93,-34
BLE,1657198833060642316,08:2A:D5:C8:79:AF,-48
BLE,1657198833085289217,C0:F8:BB:9D:12:93,-35
BLE,1657198833113363349,DF:A6:DC:DC:2E:81,-43
BLE,1657198833117103855,41:6E:1F:34:B3:B5,-68
BLE,1657198833133554598,C0:F8:BB:9D:12:93,-36
BLE,1657198833163060707,08:2A:D5:C8:79:AF,-44
BLE,1657198833213407933,DF:A6:DC:DC:2E:81,-38
BLE,1657198833233661071,C0:F8:BB:9D:12:93,-34
BLE,1657198833282835949,C0:F8:BB:9D:12:93,-35
BLE,1657198833373690285,08:2A:D5:C8:79:AF,-49
BLE,1657198833384904193,C0:F8:BB:9D:12:93,-36
BLE,1657198833395681380,3F:F2:AA:87:D5:AE,-30
BLE,1657198833399804293,5A:C7:B6:04:72:57,-63
BLE,1657198833431325302,DF:A6:DC:DC:2E:81,-43
BLE,1657198833436044398,C0:F8:BB:9D:12:93,-33
BLE,1657198833486221495,C0:F8:BB:9D:12:93,-34
BLE,1657198833527823064,41:6E:1F:34:B3:B5,-59
BLE,1657198833571198368,08:2A:D5:C8:79:AF,-50
BLE,1657198833585341601,C0:F8:BB:9D:12:93,-36
BLE,1657198833635865308,C0:F8:BB:9D:12:93,-36
BLE,1657198833640614422,DF:A6:DC:DC:2E:81,-37
BLE,1657198833642205398,77:A6:A8:AE:B8:11,-61
BLE,1657198833683090951,C0:F8:BB:9D:12:93,-34
BLE,1657198833710739454,3F:F2:AA:87:D5:AE,-27
BLE,1657198833735929873,C0:F8:BB:9D:12:93,-36
BLE,1657198833776162391,08:2A:D5:C8:79:AF,-51
BLE,1657198833784561030,C0:F8:BB:9D:12:93,-36
BLE,1657198833837427619,C0:F8:BB:9D:12:93,-36
BLE,1657198833842691176,41:6E:1F:34:B3:B5,-59
BLE,1657198833934344991,C0:F8:BB:9D:12:93,-35
BLE,1657198833954462000,DF:A6:DC:DC:2E:81,-49
BLE,1657198833973681660,08:2A:D5:C8:79:AF,-44
BLE,1657198833983233703,C0:F8:BB:9D:12:93,-36
BLE,1657198834000306111,2E:CB:29:75:1D:1B,-66
BLE,1657198834033484355,C0:F8:BB:9D:12:93,-36
BLE,1657198834062440040,DF:A6:DC:DC:2E:81,-55
BLE,1657198834070202959,77:A6:A8:AE:B8:11,-59
BLE,1657198834134317938,C0:F8:BB:9D:12:93,-34
BLE,1657198834158907581,41:6E:1F:34:B3:B5,-71
BLE,1657198834166979407,DF:A6:DC:DC:2E:81,-41
BLE,1657198834185736217,C0:F8:BB:9D:12:93,-36
BLE,1657198834225618792,3F:F2:AA:87:D5:AE,-30
BLE,1657198834235923222,C0:F8:BB:9D:12:93,-36
BLE,1657198834268111915,DF:A6:DC:DC:2E:81,-36
BLE,1657198834284443936,C0:F8:BB:9D:12:93,-36
BLE,1657198834383312618,C0:F8:BB:9D:12:93,-35
BLE,1657198834433780807,C0:F8:BB:9D:12:93,-36
BLE,1657198834483443203,C0:F8:BB:9D:12:93,-36
BLE,1657198834535878682,C0:F8:BB:9D:12:93,-36
BLE,1657198834634127366,C0:F8:BB:9D:12:93,-34
BLE,1657198834693271898,DF:A6:DC:DC:2E:81,-43
BLE,1657198834737297348,C0:F8:BB:9D:12:93,-36
BLE,1657198834785687878,08:2A:D5:C8:79:AF,-50
BLE,1657198834793275372,DF:A6:DC:DC:2E:81,-41
BLE,1657198834834810645,C0:F8:BB:9D:12:93,-33
BLE,1657198834885075817,C0:F8:BB:9D:12:93,-35
BLE,1657198834901698467,DF:A6:DC:DC:2E:81,-38
BLE,1657198834936705373,C0:F8:BB:9D:12:93,-36
BLE,1657198834965718613,3F:F2:AA:87:D5:AE,-27
BLE,1657198834993714689,08:2A:D5:C8:79:AF,-50
BLE,1657198835005507577,DF:A6:DC:DC:2E:81,-42
BLE,1657198835034717724,C0:F8:BB:9D:12:93,-35
BLE,1657198835086239929,C0:F8:BB:9D:12:93,-36
BLE,1657198835094862013,08:2A:D5:C8:79:AF,-44
BLE,1657198835115344503,DF:A6:DC:DC:2E:81,-43
BLE,1657198835136469398,C0:F8:BB:9D:12:93,-35
BLE,1657198835187136995,C0:F8:BB:9D:12:93,-49
BLE,1657198835190639446,08:2A:D5:C8:79:AF,-50
BLE,1657198835223317249,DF:A6:DC:DC:2E:81,-41
BLE,1657198835235868820,C0:F8:BB:9D:12:93,-34
BLE,1657198835284840589,C0:F8:BB:9D:12:93,-52
BLE,1657198835328378764,DF:A6:DC:DC:2E:81,-36
BLE,1657198835335409834,C0:F8:BB:9D:12:93,-35
BLE,1657198835386910335,C0:F8:BB:9D:12:93,-36
BLE,1657198835397536042,3F:F2:AA:87:D5:AE,-27
BLE,1657198835434938978,C0:F8:BB:9D:12:93,-35
BLE,1657198835485041539,C0:F8:BB:9D:12:93,-34
BLE,1657198835536929539,C0:F8:BB:9D:12:93,-34
BLE,1657198835545639493,DF:A6:DC:DC:2E:81,-42
BLE,1657198835584401850,C0:F8:BB:9D:12:93,-36
BLE,1657198835588641966,08:2A:D5:C8:79:AF,-45
BLE,1657198835600719298,3F:F2:AA:87:D5:AE,-27
BLE,1657198835634537560,C0:F8:BB:9D:12:93,-36
BLE,1657198835655621918,DF:A6:DC:DC:2E:81,-43
BLE,1657198835690414103,08:2A:D5:C8:79:AF,-50
BLE,1657198835734977089,C0:F8:BB:9D:12:93,-33
BLE,1657198835785869056,C0:F8:BB:9D:12:93,-35
BLE,1657198835792332535,08:2A:D5:C8:79:AF,-45
BLE,1657198835833958365,C0:F8:BB:9D:12:93,-35
BLE,1657198835868316995,DF:A6:DC:DC:2E:81,-37
BLE,1657198835885146182,C0:F8:BB:9D:12:93,-48
BLE,1657198835889409539,08:2A:D5:C8:79:AF,-61
BLE,1657198835935992315,C0:F8:BB:9D:12:93,-34
BLE,1657198835971536034,DF:A6:DC:DC:2E:81,-44
BLE,1657198835985854637,C0:F8:BB:9D:12:93,-35
BLE,1657198835996334418,08:2A:D5:C8:79:AF,-45
BLE,1657198836019372715,3F:F2:AA:87:D5:AE,-27
BLE,1657198836075596516,DF:A6:DC:DC:2E:81,-41
BLE,1657198836086113094,C0:F8:BB:9D:12:93,-37
BLE,1657198836135894861,C0:F8:BB:9D:12:93,-34
BLE,1657198836139023943,41:6E:1F:34:B3:B5,-60
BLE,1657198836231277223,3F:F2:AA:87:D5:AE,-30
BLE,1657198836234647508,C0:F8:BB:9D:12:93,-35
BLE,1657198836286881156,C0:F8:BB:9D:12:93,-36
BLE,1657198836288151560,DF:A6:DC:DC:2E:81,-42
BLE,1657198836296059571,08:2A:D5:C8:79:AF,-50
BLE,1657198836334159653,C0:F8:BB:9D:12:93,-36
BLE,1657198836384994472,C0:F8:BB:9D:12:93,-33
BLE,1657198836394390887,DF:A6:DC:DC:2E:81,-40
BLE,1657198836399332612,08:2A:D5:C8:79:AF,-44
BLE,1657198836486627277,C0:F8:BB:9D:12:93,-35
BLE,1657198836496640060,DF:A6:DC:DC:2E:81,-37
BLE,1657198836537122338,C0:F8:BB:9D:12:93,-47
BLE,1657198836585719813,C0:F8:BB:9D:12:93,-34
BLE,1657198836602034594,08:2A:D5:C8:79:AF,-44
BLE,1657198836604671234,DF:A6:DC:DC:2E:81,-44
BLE,1657198836632396775,C0:F8:BB:9D:12:93,-34
BLE,1657198836655334201,41:6E:1F:34:B3:B5,-59
BLE,1657198836683778055,C0:F8:BB:9D:12:93,-36
BLE,1657198836735833685,C0:F8:BB:9D:12:93,-36
BLE,1657198836786613393,C0:F8:BB:9D:12:93,-36
BLE,1657198836816240039,DF:A6:DC:DC:2E:81,-37
BLE,1657198836835483182,C0:F8:BB:9D:12:93,-37
BLE,1657198836855933468,41:6E:1F:34:B3:B5,-59
BLE,1657198836918293862,DF:A6:DC:DC:2E:81,-55
BLE,1657198836935346029,C0:F8:BB:9D:12:93,-36
BLE,1657198836987147845,C0:F8:BB:9D:12:93,-36
BLE,1657198837014425832,08:2A:D5:C8:79:AF,-49
BLE,1657198837018806096,DF:A6:DC:DC:2E:81,-37
BLE,1657198837085633365,C0:F8:BB:9D:12:93,-34
BLE,1657198837119407424,08:2A:D5:C8:79:AF,-45
BLE,1657198837126860845,DF:A6:DC:DC:2E:81,-38
BLE,1657198837134163451,C0:F8:BB:9D:12:93,-36
BLE,1657198837186539099,C0:F8:BB:9D:12:93,-36
BLE,1657198837232925970,DF:A6:DC:DC:2E:81,-44
BLE,1657198837234521817,C0:F8:BB:9D:12:93,-36
BLE,1657198837329830162,08:2A:D5:C8:79:AF,-49
BLE,1657198837379025246,41:6E:1F:34:B3:B5,-58
BLE,1657198837383994119,C0:F8:BB:9D:12:93,-35
BLE,1657198837436904803,08:2A:D5:C8:79:AF,-57
BLE,1657198837449396856,DF:A6:DC:DC:2E:81,-41
BLE,1657198837533727310,C0:F8:BB:9D:12:93,-34
BLE,1657198837556987921,DF:A6:DC:DC:2E:81,-37
BLE,1657198837585420775,C0:F8:BB:9D:12:93,-34
BLE,1657198837602482832,3F:F2:AA:87:D5:AE,-30
BLE,1657198837636916611,C0:F8:BB:9D:12:93,-36
BLE,1657198837660749794,DF:A6:DC:DC:2E:81,-45
BLE,1657198837686577842,C0:F8:BB:9D:12:93,-37
BLE,1657198837733448878,C0:F8:BB:9D:12:93,-34
BLE,1657198837785531082,C0:F8:BB:9D:12:93,-35
BLE,1657198837800399183,41:6E:1F:34:B3:B5,-57
BLE,1657198837833755207,C0:F8:BB:9D:12:93,-35
BLE,1657198837842474809,08:2A:D5:C8:79:AF,-44
BLE,1657198837876961977,DF:A6:DC:DC:2E:81,-41
BLE,1657198837886164059,C0:F8:BB:9D:12:93,-37
BLE,1657198837913822452,3F:F2:AA:87:D5:AE,-30
BLE,1657198837936163881,C0:F8:BB:9D:12:93,-34
BLE,1657198837943615728,08:2A:D5:C8:79:AF,-46
BLE,1657198837978451006,DF:A6:DC:DC:2E:81,-44
BLE,1657198837983326249,C0:F8:BB:9D:12:93,-34
BLE,1657198838037063931,C0:F8:BB:9D:12:93,-36
BLE,1657198838135115879,C0:F8:BB:9D:12:93,-37
BLE,1657198838145729420,08:2A:D5:C8:79:AF,-45
BLE,1657198838183243171,C0:F8:BB:9D:12:93,-34
BLE,1657198838185980866,DF:A6:DC:DC:2E:81,-37
BLE,1657198838216439418,41:6E:1F:34:B3:B5,-65
BLE,1657198838232044776,3F:F2:AA:87:D5:AE,-30
BLE,1657198838235398339,C0:F8:BB:9D:12:93,-37
BLE,1657198838244483403,08:2A:D5:C8:79:AF,-47
BLE,1657198838285979975,C0:F8:BB:9D:12:93,-35
BLE,1657198838293410415,DF:A6:DC:DC:2E:81,-45
BLE,1657198838334025471,3F:F2:AA:87:D5:AE,-30
BLE,1657198838338248106,C0:F8:BB:9D:12:93,-36
BLE,1657198838342603944,08:2A:D5:C8:79:AF,-49
BLE,1657198838386115547,C0:F8:BB:9D:12:93,-33
BLE,1657198838394555538,DF:A6:DC:DC:2E:81,-40
BLE,1657198838434457930,C0:F8:BB:9D:12:93,-34
BLE,1657198838445698895,08:2A:D5:C8:79:AF,-43
BLE,1657198838486086156,C0:F8:BB:9D:12:93,-35
BLE,1657198838533917819,C0:F8:BB:9D:12:93,-36
BLE,1657198838607100346,DF:A6:DC:DC:2E:81,-44
BLE,1657198838635378127,C0:F8:BB:9D:12:93,-34
BLE,1657198838684248417,C0:F8:BB:9D:12:93,-33
BLE,1657198838708517469,DF:A6:DC:DC:2E:81,-41
BLE,1657198838735874383,C0:F8:BB:9D:12:93,-35
BLE,1657198838746956959,08:2A:D5:C8:79:AF,-50
BLE,1657198838784703061,C0:F8:BB:9D:12:93,-36
BLE,1657198838813297878,DF:A6:DC:DC:2E:81,-36
BLE,1657198838833463907,5A:C7:B6:04:72:57,-66
BLE,1657198838836331046,C0:F8:BB:9D:12:93,-34
BLE,1657198838839704072,41:6E:1F:34:B3:B5,-55
BLE,1657198838853477640,08:2A:D5:C8:79:AF,-43
BLE,1657198838873250892,3F:F2:AA:87:D5:AE,-27
BLE,1657198838883159620,C0:F8:BB:9D:12:93,-33
BLE,1657198838918455971,DF:A6:DC:DC:2E:81,-44
BLE,1657198838935494324,C0:F8:BB:9D:12:93,-34
BLE,1657198838973322463,77:A6:A8:AE:B8:11,-71
BLE,1657198838975756993,3F:F2:AA:87:D5:AE,-30
BLE,1657198839026260740,DF:A6:DC:DC:2E:81,-40
BLE,1657198839034572233,C0:F8:BB:9D:12:93,-36
BLE,1657198839085935200,C0:F8:BB:9D:12:93,-33
BLE,1657198839234191362,C0:F8:BB:9D:12:93,-36
BLE,1657198839237273315,DF:A6:DC:DC:2E:81,-44
BLE,1657198839265779280,08:2A:D5:C8:79:AF,-50
BLE,1657198839285897661,C0:F8:BB:9D:12:93,-33
BLE,1657198839334585897,C0:F8:BB:9D:12:93,-34
BLE,1657198839342018651,DF:A6:DC:DC:2E:81,-41
BLE,1657198839371221911,08:2A:D5:C8:79:AF,-43
BLE,1657198839385813864,C0:F8:BB:9D:12:93,-35
BLE,1657198839474942824,08:2A:D5:C8:79:AF,-46
BLE,1657198839534672969,C0:F8:BB:9D:12:93,-34
BLE,1657198839544634215,DF:A6:DC:DC:2E:81,-41
BLE,1657198839587034989,C0:F8:BB:9D:12:93,-35
BLE,1657198839633730915,C0:F8:BB:9D:12:93,-35
BLE,1657198839647383835,DF:A6:DC:DC:2E:81,-37
BLE,1657198839672832866,41:6E:1F:34:B3:B5,-59
BLE,1657198839676140189,08:2A:D5:C8:79:AF,-46
BLE,1657198839687085858,C0:F8:BB:9D:12:93,-37
BLE,1657198839751972597,DF:A6:DC:DC:2E:81,-43
BLE,1657198839760692625,5A:C7:B6:04:72:57,-60
BLE,1657198839782024632,08:2A:D5:C8:79:AF,-49
BLE,1657198839783449442,C0:F8:BB:9D:12:93,-34
BLE,1657198839837356957,C0:F8:BB:9D:12:93,-36
BLE,1657198839859780368,DF:A6:DC:DC:2E:81,-41
BLE,1657198839883451423,C0:F8:BB:9D:12:93,-36
BLE,1657198839890591808,08:2A:D5:C8:79:AF,-45
BLE,1657198839936122090,C0:F8:BB:9D:12:93,-36
BLE,1657198839963704540,DF:A6:DC:DC:2E:81,-36
BLE,1657198839984223383,C0:F8:BB:9D:12:93,-34
BLE,1657198839995652291,08:2A:D5:C8:79:AF,-47
BLE,1657198840035815331,C0:F8:BB:9D:12:93,-35
BLE,1657198840085394879,C0:F8:BB:9D:12:93,-34
BLE,1657198840096178993,08:2A:D5:C8:79:AF,-51
BLE,1657198840135979035,C0:F8:BB:9D:12:93,-36
BLE,1657198840143847695,3F:F2:AA:87:D5:AE,-30
BLE,1657198840178117550,DF:A6:DC:DC:2E:81,-43
BLE,1657198840196280493,08:2A:D5:C8:79:AF,-47
BLE,1657198840235895017,C0:F8:BB:9D:12:93,-33
BLE,1657198840249941250,3F:F2:AA:87:D5:AE,-27
BLE,1657198840280384247,DF:A6:DC:DC:2E:81,-37
BLE,1657198840295635199,08:2A:D5:C8:79:AF,-43
BLE,1657198840300413907,41:6E:1F:34:B3:B5,-58
BLE,1657198840337297254,C0:F8:BB:9D:12:93,-37
BLE,1657198840383055461,DF:A6:DC:DC:2E:81,-43
BLE,1657198840385336362,C0:F8:BB:9D:12:93,-36
BLE,1657198840400545851,08:2A:D5:C8:79:AF,-48
BLE,1657198840434540818,C0:F8:BB:9D:12:93,-33
BLE,1657198840498640968,08:2A:D5:C8:79:AF,-45
BLE,1657198840535062224,C0:F8:BB:9D:12:93,-35
BLE,1657198840584048737,C0:F8:BB:9D:12:93,-36
BLE,1657198840599407763,08:2A:D5:C8:79:AF,-47
BLE,1657198840684727902,C0:F8:BB:9D:12:93,-33
BLE,1657198840693396652,DF:A6:DC:DC:2E:81,-41
BLE,1657198840703216510,08:2A:D5:C8:79:AF,-52
BLE,1657198840733554489,77:A6:A8:AE:B8:11,-64
BLE,1657198840736752664,C0:F8:BB:9D:12:93,-35
BLE,1657198840795513461,DF:A6:DC:DC:2E:81,-36
BLE,1657198840808714530,08:2A:D5:C8:79:AF,-44
BLE,1657198840820858973,41:6E:1F:34:B3:B5,-57
BLE,1657198840836670461,C0:F8:BB:9D:12:93,-37
BLE,1657198840884396811,C0:F8:BB:9D:12:93,-34
BLE,1657198840899096746,DF:A6:DC:DC:2E:81,-44
BLE,1657198840908208754,08:2A:D5:C8:79:AF,-52
BLE,1657198840933649045,C0:F8:BB:9D:12:93,-33
BLE,1657198840954642664,77:A6:A8:AE:B8:11,-59
BLE,1657198840978893291,3F:F2:AA:87:D5:AE,-30
BLE,1657198841006697278,DF:A6:DC:DC:2E:81,-40
BLE,1657198841034933819,C0:F8:BB:9D:12:93,-36
BLE,1657198841081985560,3F:F2:AA:87:D5:AE,-27
BLE,1657198841109310493,DF:A6:DC:DC:2E:81,-37
BLE,1657198841136004206,C0:F8:BB:9D:12:93,-34
BLE,1657198841184680868,C0:F8:BB:9D:12:93,-35
BLE,1657198841210201307,DF:A6:DC:DC:2E:81,-40
BLE,1657198841237632406,C0:F8:BB:9D:12:93,-36
BLE,1657198841271385523,77:A6:A8:AE:B8:11,-61
BLE,1657198841285765941,C0:F8:BB:9D:12:93,-36
BLE,1657198841319480150,DF:A6:DC:DC:2E:81,-41
BLE,1657198841328315826,08:2A:D5:C8:79:AF,-43
BLE,1657198841334235011,C0:F8:BB:9D:12:93,-33
BLE,1657198841386797328,C0:F8:BB:9D:12:93,-35
BLE,1657198841424429228,08:2A:D5:C8:79:AF,-51
BLE,1657198841433302775,C0:F8:BB:9D:12:93,-36
BLE,1657198841450250981,41:6E:1F:34:B3:B5,-58
BLE,1657198841485455000,C0:F8:BB:9D:12:93,-37
BLE,1657198841513823041,3F:F2:AA:87:D5:AE,-30
BLE,1657198841523521547,DF:A6:DC:DC:2E:81,-41
BLE,1657198841525488004,08:2A:D5:C8:79:AF,-47
BLE,1657198841535675158,5A:C7:B6:04:72:57,-59
BLE,1657198841584394579,C0:F8:BB:9D:12:93,-34
BLE,1657198841686796462,C0:F8:BB:9D:12:93,-37
BLE,1657198841726999280,DF:A6:DC:DC:2E:81,-40
BLE,1657198841782653217,C0:F8:BB:9D:12:93,-33
BLE,1657198841787122444,77:A6:A8:AE:B8:11,-61
BLE,1657198841828871517,DF:A6:DC:DC:2E:81,-36
BLE,1657198841831081676,08:2A:D5:C8:79:AF,-52
BLE,1657198841832865467,C0:F8:BB:9D:12:93,-33
BLE,1657198841873398396,41:6E:1F:34:B3:B5,-59
BLE,1657198841884087362,C0:F8:BB:9D:12:93,-36
BLE,1657198841932627914,DF:A6:DC:DC:2E:81,-41
BLE,1657198841936123014,C0:F8:BB:9D:12:93,-37
BLE,1657198842034800613,C0:F8:BB:9D:12:93,-34
BLE,1657198842046939390,3F:F2:AA:87:D5:AE,-27
BLE,1657198842079053456,41:6E:1F:34:B3:B5,-60
BLE,1657198842083753775,C0:F8:BB:9D:12:93,-35
BLE,1657198842131164015,08:2A:D5:C8:79:AF,-46
BLE,1657198842133391620,2E:CB:29:75:1D:1B,-68
BLE,1657198842135876704,C0:F8:BB:9D:12:93,-36
BLE,1657198842140991726,DF:A6:DC:DC:2E:81,-44
BLE,1657198842146307394,3F:F2:AA:87:D5:AE,-30
BLE,1657198842184367461,C0:F8:BB:9D:12:93,-37
BLE,1657198842231169018,08:2A:D5:C8:79:AF,-45
BLE,1657198842233759936,C0:F8:BB:9D:12:93,-29
BLE,1657198842243185795,DF:A6:DC:DC:2E:81,-42
BLE,1657198842328056938,08:2A:D5:C8:79:AF,-51
BLE,1657198842333416069,C0:F8:BB:9D:12:93,-36
BLE,1657198842387301234,C0:F8:BB:9D:12:93,-36
BLE,1657198842452044421,DF:A6:DC:DC:2E:81,-44
BLE,1657198842484618820,C0:F8:BB:9D:12:93,-34
BLE,1657198842507420026,FF:BB:14:BB:11:BF,-58
BLE,1657198842533434982,77:A6:A8:AE:B8:11,-64
BLE,1657198842535492476,C0:F8:BB:9D:12:93,-35
BLE,1657198842586664316,C0:F8:BB:9D:12:93,-36
BLE,1657198842634925647,C0:F8:BB:9D:12:93,-36
BLE,1657198842638167655,08:2A:D5:C8:79:AF,-52
BLE,1657198842640762036,77:A6:A8:AE:B8:11,-61
BLE,1657198842662213821,DF:A6:DC:DC:2E:81,-39
BLE,1657198842669521224,3F:F2:AA:87:D5:AE,-32
BLE,1657198842683570365,C0:F8:BB:9D:12:93,-50
BLE,1657198842705179779,41:6E:1F:34:B3:B5,-76
BLE,1657198842735756628,C0:F8:BB:9D:12:93,-52
BLE,1657198842743589604,08:2A:D5:C8:79:AF,-62
BLE,1657198842756504027,57:4E:D8:3C:E4:09,-84
BLE,1657198842778414829,3F:F2:AA:87:D5:AE,-34
BLE,1657198842783279776,C0:F8:BB:9D:12:93,-52
BLE,1657198842833967951,C0:F8:BB:9D:12:93,-53
BLE,1657198842844964139,08:2A:D5:C8:79:AF,-68
BLE,1657198842879639198,DF:A6:DC:DC:2E:81,-59
BLE,1657198842886436806,3F:F2:AA:87:D5:AE,-34
BLE,1657198842913487407,41:6E:1F:34:B3:B5,-74
BLE,1657198842935021580,C0:F8:BB:9D:12:93,-49
BLE,1657198842948376909,08:2A:D5:C8:79:AF,-61
BLE,1657198842977578059,DF:A6:DC:DC:2E:81,-38
BLE,1657198842985925773,C0:F8:BB:9D:12:93,-34
BLE,1657198843022986250,41:6E:1F:34:B3:B5,-62
BLE,1657198843036413690,C0:F8:BB:9D:12:93,-36
BLE,1657198843084674966,DF:A6:DC:DC:2E:81,-43
BLE,1657198843133163130,C0:F8:BB:9D:12:93,-33
BLE,1657198843149821004,5F:95:7C:C4:15:3E,-78
BLE,1657198843161779504,77:A6:A8:AE:B8:11,-60
BLE,1657198843185771503,C0:F8:BB:9D:12:93,-36
BLE,1657198843233675040,41:6E:1F:34:B3:B5,-66
BLE,1657198843235962829,C0:F8:BB:9D:12:93,-36
BLE,1657198843283916457,C0:F8:BB:9D:12:93,-37
BLE,1657198843333943228,C0:F8:BB:9D:12:93,-37
BLE,1657198843359975443,08:2A:D5:C8:79:AF,-52
BLE,1657198843383249574,C0:F8:BB:9D:12:93,-34
BLE,1657198843397241549,DF:A6:DC:DC:2E:81,-44
BLE,1657198843434835710,C0:F8:BB:9D:12:93,-35
BLE,1657198843459576985,08:2A:D5:C8:79:AF,-46
BLE,1657198843472080835,77:A6:A8:AE:B8:11,-63
BLE,1657198843483206819,57:4E:D8:3C:E4:09,-70
BLE,1657198843487092418,C0:F8:BB:9D:12:93,-36
BLE,1657198843500753042,DF:A6:DC:DC:2E:81,-42
BLE,1657198843534962880,C0:F8:BB:9D:12:93,-36
BLE,1657198843557066386,08:2A:D5:C8:79:AF,-45
BLE,1657198843634020146,3F:F2:AA:87:D5:AE,-27
BLE,1657198843635945752,C0:F8:BB:9D:12:93,-37
BLE,1657198843662053115,08:2A:D5:C8:79:AF,-46
BLE,1657198843715490356,DF:A6:DC:DC:2E:81,-44
BLE,1657198843735742515,C0:F8:BB:9D:12:93,-38
BLE,1657198843765047850,08:2A:D5:C8:79:AF,-52
BLE,1657198843836066166,C0:F8:BB:9D:12:93,-35
BLE,1657198843862410566,08:2A:D5:C8:79:AF,-46
BLE,1657198843921078420,DF:A6:DC:DC:2E:81,-37
BLE,1657198843933608104,C0:F8:BB:9D:12:93,-36
BLE,1657198843948403187,3F:F2:AA:87:D5:AE,-27
BLE,1657198843985568109,C0:F8:BB:9D:12:93,-36
BLE,1657198844025574596,DF:A6:DC:DC:2E:81,-43
BLE,1657198844034250032,C0:F8:BB:9D:12:93,-34
BLE,1657198844035759527,5A:C7:B6:04:72:57,-62
BLE,1657198844087365367,C0:F8:BB:9D:12:93,-36
BLE,1657198844125074676,DF:A6:DC:DC:2E:81,-38
BLE,1657198844137708452,C0:F8:BB:9D:12:93,-32
BLE,1657198844185620118,C0:F8:BB:9D:12:93,-37
BLE,1657198844228671689,DF:A6:DC:DC:2E:81,-43
BLE,1657198844237322254,5A:C7:B6:04:72:57,-60
BLE,1657198844273771030,08:2A:D5:C8:79:AF,-46
BLE,1657198844282426096,C0:F8:BB:9D:12:93,-34
BLE,1657198844328585786,DF:A6:DC:DC:2E:81,-39
BLE,1657198844333605289,2E:CB:29:75:1D:1B,-68
BLE,1657198844373515610,3F:F2:AA:87:D5:AE,-30
BLE,1657198844382442064,08:2A:D5:C8:79:AF,-46
BLE,1657198844387243586,C0:F8:BB:9D:12:93,-37
BLE,1657198844436723025,C0:F8:BB:9D:12:93,-37
BLE,1657198844437715448,DF:A6:DC:DC:2E:81,-36
BLE,1657198844486107409,C0:F8:BB:9D:12:93,-34
BLE,1657198844516287853,77:A6:A8:AE:B8:11,-64
BLE,1657198844536931863,C0:F8:BB:9D:12:93,-36
BLE,1657198844541206998,DF:A6:DC:DC:2E:81,-43
BLE,1657198844576535851,3F:F2:AA:87:D5:AE,-27
BLE,1657198844582449889,08:2A:D5:C8:79:AF,-45
BLE,1657198844586712783,C0:F8:BB:9D:12:93,-36
BLE,1657198844636153389,C0:F8:BB:9D:12:93,-36
BLE,1657198844651076065,DF:A6:DC:DC:2E:81,-42
BLE,1657198844680890639,08:2A:D5:C8:79:AF,-46
BLE,1657198844682023765,3F:F2:AA:87:D5:AE,-27
BLE,1657198844733828012,C0:F8:BB:9D:12:93,-34
BLE,1657198844836296232,C0:F8:BB:9D:12:93,-37
BLE,1657198844862948816,DF:A6:DC:DC:2E:81,-43
BLE,1657198844885028859,08:2A:D5:C8:79:AF,-46
BLE,1657198844891457505,3F:F2:AA:87:D5:AE,-30
BLE,1657198844935853034,C0:F8:BB:9D:12:93,-34
BLE,1657198844961025216,DF:A6:DC:DC:2E:81,-39
BLE,1657198844983480053,C0:F8:BB:9D:12:93,-34
BLE,1657198845001043518,3F:F2:AA:87:D5:AE,-30
BLE,1657198845034029175,C0:F8:BB:9D:12:93,-36
BLE,1657198845063692046,DF:A6:DC:DC:2E:81,-43
BLE,1657198845072538519,FF:BB:14:BB:11:BF,-57
BLE,1657198845085740608,C0:F8:BB:9D:12:93,-37
BLE,1657198845107124264,3F:F2:AA:87:D5:AE,-30
BLE,1657198845184085434,C0:F8:BB:9D:12:93,-34
BLE,1657198845191280560,08:2A:D5:C8:79:AF,-46
BLE,1657198845205941311,3F:F2:AA:87:D5:AE,-27
BLE,1657198845234021150,C0:F8:BB:9D:12:93,-36
BLE,1657198845268344674,DF:A6:DC:DC:2E:81,-43
BLE,1657198845286065452,C0:F8:BB:9D:12:93,-37
BLE,1657198845316804580,41:6E:1F:34:B3:B5,-60
BLE,1657198845378080835,DF:A6:DC:DC:2E:81,-43
BLE,1657198845383563892,C0:F8:BB:9D:12:93,-34
BLE,1657198845396302519,08:2A:D5:C8:79:AF,-46
BLE,1657198845407731892,3F:F2:AA:87:D5:AE,-27
BLE,1657198845436157100,C0:F8:BB:9D:12:93,-36
BLE,1657198845483672639,2E:CB:29:75:1D:1B,-68
BLE,1657198845536064218,C0:F8:BB:9D:12:93,-37
BLE,1657198845583174498,57:4E:D8:3C:E4:09,-78
BLE,1657198845596299828,08:2A:D5:C8:79:AF,-45
BLE,1657198845635672206,C0:F8:BB:9D:12:93,-35
BLE,1657198845686200328,C0:F8:BB:9D:12:93,-35
BLE,1657198845698379439,08:2A:D5:C8:79:AF,-52
BLE,1657198845732722092,3F:F2:AA:87:D5:AE,-28
BLE,1657198845735705046,C0:F8:BB:9D:12:93,-48
BLE,1657198845785078671,C0:F8:BB:9D:12:93,-37
BLE,1657198845803334837,08:2A:D5:C8:79:AF,-45
BLE,1657198845816255464,5A:C7:B6:04:72:57,-61
BLE,1657198845884235402,C0:F8:BB:9D:12:93,-34
BLE,1657198845895826940,DF:A6:DC:DC:2E:81,-43
BLE,1657198845902491994,08:2A:D5:C8:79:AF,-52
BLE,1657198845935552669,C0:F8:BB:9D:12:93,-36
BLE,1657198845987007251,C0:F8:BB:9D:12:93,-37
BLE,1657198845994724616,DF:A6:DC:DC:2E:81,-39
BLE,1657198846010026976,08:2A:D5:C8:79:AF,-46
BLE,1657198846083482880,C0:F8:BB:9D:12:93,-34
BLE,1657198846085466226,77:A6:A8:AE:B8:11,-62
BLE,1657198846101927064,DF:A6:DC:DC:2E:81,-43
BLE,1657198846111224665,08:2A:D5:C8:79:AF,-45
BLE,1657198846137127011,C0:F8:BB:9D:12:93,-36
BLE,1657198846184388718,C0:F8:BB:9D:12:93,-36
BLE,1657198846208499736,DF:A6:DC:DC:2E:81,-43
BLE,1657198846234965322,C0:F8:BB:9D:12:93,-36
BLE,1657198846264263954,3F:F2:AA:87:D5:AE,-30
BLE,1657198846285676888,C0:F8:BB:9D:12:93,-34
BLE,1657198846309832350,DF:A6:DC:DC:2E:81,-39
BLE,1657198846320772909,08:2A:D5:C8:79:AF,-46
BLE,1657198846333600333,C0:F8:BB:9D:12:93,-34
BLE,1657198846386773114,C0:F8:BB:9D:12:93,-37
BLE,1657198846414844157,DF:A6:DC:DC:2E:81,-43
BLE,1657198846422044209,08:2A:D5:C8:79:AF,-52
BLE,1657198846433315248,57:4E:D8:3C:E4:09,-79
BLE,1657198846437067941,C0:F8:BB:9D:12:93,-37
BLE,1657198846525030040,08:2A:D5:C8:79:AF,-47
BLE,1657198846532708146,C0:F8:BB:9D:12:93,-34
BLE,1657198846576556049,3F:F2:AA:87:D5:AE,-27
BLE,1657198846580280796,41:6E:1F:34:B3:B5,-60
BLE,1657198846586066464,C0:F8:BB:9D:12:93,-36
BLE,1657198846624625401,08:2A:D5:C8:79:AF,-52
BLE,1657198846629410182,DF:A6:DC:DC:2E:81,-43
BLE,1657198846633577188,2E:CB:29:75:1D:1B,-67
BLE,1657198846636797289,C0:F8:BB:9D:12:93,-37
BLE,1657198846684591587,C0:F8:BB:9D:12:93,-37
BLE,1657198846727563417,08:2A:D5:C8:79:AF,-58
BLE,1657198846733134604,C0:F8:BB:9D:12:93,-34
BLE,1657198846736148372,DF:A6:DC:DC:2E:81,-38
BLE,1657198846786124867,C0:F8:BB:9D:12:93,-52
BLE,1657198846789660911,3F:F2:AA:87:D5:AE,-32
BLE,1657198846830853674,08:2A:D5:C8:79:AF,-61
BLE,1657198846834563422,C0:F8:BB:9D:12:93,-52
BLE,1657198846838606242,DF:A6:DC:DC:2E:81,-60
BLE,1657198846884919137,C0:F8:BB:9D:12:93,-54
BLE,1657198846895928807,3F:F2:AA:87:D5:AE,-34
BLE,1657198846933853375,77:A6:A8:AE:B8:11,-81
BLE,1657198846947403723,DF:A6:DC:DC:2E:81,-58
BLE,1657198846984086573,C0:F8:BB:9D:12:93,-52
BLE,1657198847033569810,C0:F8:BB:9D:12:93,-52
BLE,1657198847042062580,08:2A:D5:C8:79:AF,-62
BLE,1657198847049584168,DF:A6:DC:DC:2E:81,-53
BLE,1657198847085985667,C0:F8:BB:9D:12:93,-53
BLE,1657198847104684962,3F:F2:AA:87:D5:AE,-33
BLE,1657198847136169143,C0:F8:BB:9D:12:93,-53
BLE,1657198847139579855,08:2A:D5:C8:79:AF,-67
BLE,1657198847156784710,DF:A6:DC:DC:2E:81,-60
BLE,1657198847186314749,C0:F8:BB:9D:12:93,-51
BLE,1657198847208529403,3F:F2:AA:87:D5:AE,-34
BLE,1657198847233096198,C0:F8:BB:9D:12:93,-51
BLE,1657198847241436876,08:2A:D5:C8:79:AF,-61
BLE,1657198847259791246,DF:A6:DC:DC:2E:81,-59
BLE,1657198847285912129,C0:F8:BB:9D:12:93,-52
BLE,1657198847335366810,C0:F8:BB:9D:12:93,-53
BLE,1657198847341215922,08:2A:D5:C8:79:AF,-67
BLE,1657198847366122086,DF:A6:DC:DC:2E:81,-55
BLE,1657198847416487673,3F:F2:AA:87:D5:AE,-32
BLE,1657198847433636713,C0:F8:BB:9D:12:93,-51
BLE,1657198847445888823,08:2A:D5:C8:79:AF,-62
BLE,1657198847468680087,DF:A6:DC:DC:2E:81,-60
BLE,1657198847485113166,C0:F8:BB:9D:12:93,-52
BLE,1657198847520400354,3F:F2:AA:87:D5:AE,-30
BLE,1657198847533708480,C0:F8:BB:9D:12:93,-52
BLE,1657198847551272000,08:2A:D5:C8:79:AF,-61
BLE,1657198847566990285,DF:A6:DC:DC:2E:81,-53
BLE,1657198847634931929,C0:F8:BB:9D:12:93,-50
BLE,1657198847657546434,FF:BB:14:BB:11:BF,-73
BLE,1657198847669017380,DF:A6:DC:DC:2E:81,-58
BLE,1657198847686209198,C0:F8:BB:9D:12:93,-52
BLE,1657198847716852937,5F:95:7C:C4:15:3E,-92
BLE,1657198847736080656,C0:F8:BB:9D:12:93,-52
BLE,1657198847758338606,08:2A:D5:C8:79:AF,-61
BLE,1657198847773770318,DF:A6:DC:DC:2E:81,-53
BLE,1657198847786950037,C0:F8:BB:9D:12:93,-53
BLE,1657198847835886165,C0:F8:BB:9D:12:93,-51
BLE,1657198847839027433,3F:F2:AA:87:D5:AE,-35
BLE,1657198847861287346,08:2A:D5:C8:79:AF,-68
BLE,1657198847883133872,DF:A6:DC:DC:2E:81,-53
BLE,1657198847885276624,C0:F8:BB:9D:12:93,-50
BLE,1657198847934873861,C0:F8:BB:9D:12:93,-51
BLE,1657198847947832396,3F:F2:AA:87:D5:AE,-29
BLE,1657198847965844933,08:2A:D5:C8:79:AF,-61
BLE,1657198847984349839,C0:F8:BB:9D:12:93,-52
BLE,1657198847986081723,DF:A6:DC:DC:2E:81,-60
BLE,1657198848034765889,C0:F8:BB:9D:12:93,-53
BLE,1657198848049742139,3F:F2:AA:87:D5:AE,-32
BLE,1657198848063321338,08:2A:D5:C8:79:AF,-67
BLE,1657198848083144426,C0:F8:BB:9D:12:93,-50
BLE,1657198848091922918,DF:A6:DC:DC:2E:81,-57
BLE,1657198848136182338,C0:F8:BB:9D:12:93,-52
BLE,1657198848153563841,3F:F2:AA:87:D5:AE,-34
BLE,1657198848170008420,08:2A:D5:C8:79:AF,-62
BLE,1657198848184811653,C0:F8:BB:9D:12:93,-52
BLE,1657198848200548345,DF:A6:DC:DC:2E:81,-53
BLE,1657198848238207471,C0:F8:BB:9D:12:93,-54
BLE,1657198848257256894,3F:F2:AA:87:D5:AE,-30
BLE,1657198848263784671,41:6E:1F:34:B3:B5,-75
BLE,1657198848268955358,08:2A:D5:C8:79:AF,-67
BLE,1657198848286261009,C0:F8:BB:9D:12:93,-52
BLE,1657198848313465111,77:A6:A8:AE:B8:11,-75
BLE,1657198848332777589,C0:F8:BB:9D:12:93,-51
BLE,1657198848362392851,3F:F2:AA:87:D5:AE,-31
BLE,1657198848366268043,08:2A:D5:C8:79:AF,-62
BLE,1657198848385077670,C0:F8:BB:9D:12:93,-52
BLE,1657198848411019536,DF:A6:DC:DC:2E:81,-57
BLE,1657198848417159795,77:A6:A8:AE:B8:11,-79
BLE,1657198848463301413,3F:F2:AA:87:D5:AE,-30
BLE,1657198848511077211,DF:A6:DC:DC:2E:81,-53
BLE,1657198848513767036,FF:BB:14:BB:11:BF,-73
BLE,1657198848572155766,08:2A:D5:C8:79:AF,-61
BLE,1657198848586572481,C0:F8:BB:9D:12:93,-52
BLE,1657198848612572549,DF:A6:DC:DC:2E:81,-57
BLE,1657198848634450038,C0:F8:BB:9D:12:93,-51
BLE,1657198848669842893,3F:F2:AA:87:D5:AE,-34
BLE,1657198848672488552,08:2A:D5:C8:79:AF,-66
BLE,1657198848686544046,C0:F8:BB:9D:12:93,-53
BLE,1657198848713623704,DF:A6:DC:DC:2E:81,-53
BLE,1657198848736194913,C0:F8:BB:9D:12:93,-51
BLE,1657198848775051979,08:2A:D5:C8:79:AF,-61
BLE,1657198848778202118,3F:F2:AA:87:D5:AE,-30
BLE,1657198848785914279,C0:F8:BB:9D:12:93,-51
BLE,1657198848819005974,DF:A6:DC:DC:2E:81,-60
BLE,1657198848836035589,C0:F8:BB:9D:12:93,-52
BLE,1657198848875710912,08:2A:D5:C8:79:AF,-66
BLE,1657198848884019128,3F:F2:AA:87:D5:AE,-31
BLE,1657198848886165325,C0:F8:BB:9D:12:93,-53
BLE,1657198848919809370,DF:A6:DC:DC:2E:81,-54
BLE,1657198848983144491,C0:F8:BB:9D:12:93,-50
BLE,1657198848987807940,3F:F2:AA:87:D5:AE,-34
BLE,1657198849035682090,C0:F8:BB:9D:12:93,-52
BLE,1657198849078241961,08:2A:D5:C8:79:AF,-67
BLE,1657198849083813240,C0:F8:BB:9D:12:93,-52
BLE,1657198849090973126,3F:F2:AA:87:D5:AE,-30
BLE,1657198849130427265,DF:A6:DC:DC:2E:81,-57
BLE,1657198849136183155,C0:F8:BB:9D:12:93,-53
BLE,1657198849176371736,08:2A:D5:C8:79:AF,-64
BLE,1657198849186164021,C0:F8:BB:9D:12:93,-51
BLE,1657198849197412820,3F:F2:AA:87:D5:AE,-31
BLE,1657198849236037999,C0:F8:BB:9D:12:93,-51
BLE,1657198849286229309,C0:F8:BB:9D:12:93,-51
BLE,1657198849304330013,41:6E:1F:34:B3:B5,-75
BLE,1657198849306463692,3F:F2:AA:87:D5:AE,-31
BLE,1657198849336916599,C0:F8:BB:9D:12:93,-53
BLE,1657198849338998704,DF:A6:DC:DC:2E:81,-60
BLE,1657198849383605050,13:B8:66:76:BE:41,-94
BLE,1657198849385462063,C0:F8:BB:9D:12:93,-53
BLE,1657198849435132022,C0:F8:BB:9D:12:93,-50
BLE,1657198849444891419,DF:A6:DC:DC:2E:81,-57
BLE,1657198849486858995,C0:F8:BB:9D:12:93,-52
BLE,1657198849509975221,3F:F2:AA:87:D5:AE,-32
BLE,1657198849533935240,C0:F8:BB:9D:12:93,-52
BLE,1657198849546951423,DF:A6:DC:DC:2E:81,-54
BLE,1657198849584780308,C0:F8:BB:9D:12:93,-53
BLE,1657198849593371670,08:2A:D5:C8:79:AF,-68
BLE,1657198849612864241,3F:F2:AA:87:D5:AE,-34
BLE,1657198849636182484,C0:F8:BB:9D:12:93,-50
BLE,1657198849654904224,DF:A6:DC:DC:2E:81,-60
BLE,1657198849667007724,5A:C7:B6:04:72:57,-81
BLE,1657198849685056799,C0:F8:BB:9D:12:93,-51
BLE,1657198849693806661,08:2A:D5:C8:79:AF,-61
BLE,1657198849723279793,3F:F2:AA:87:D5:AE,-42
BLE,1657198849733795632,C0:F8:BB:9D:12:93,-52
BLE,1657198849764942667,DF:A6:DC:DC:2E:81,-59
BLE,1657198849786171028,C0:F8:BB:9D:12:93,-53
BLE,1657198849793350006,08:2A:D5:C8:79:AF,-67
BLE,1657198849831381483,3F:F2:AA:87:D5:AE,-30
BLE,1657198849883150918,C0:F8:BB:9D:12:93,-50
BLE,1657198849893368257,08:2A:D5:C8:79:AF,-62
BLE,1657198849928624798,41:6E:1F:34:B3:B5,-58
BLE,1657198849936511107,3F:F2:AA:87:D5:AE,-32
BLE,1657198849975682210,DF:A6:DC:DC:2E:81,-53
BLE,1657198849977143002,5A:C7:B6:04:72:57,-78
BLE,1657198849984339073,C0:F8:BB:9D:12:93,-52
BLE,1657198849997100904,08:2A:D5:C8:79:AF,-67
BLE,1657198850036169971,C0:F8:BB:9D:12:93,-53
BLE,1657198850079129489,DF:A6:DC:DC:2E:81,-61
BLE,1657198850086193337,C0:F8:BB:9D:12:93,-51
BLE,1657198850105023891,08:2A:D5:C8:79:AF,-61
BLE,1657198850133822786,C0:F8:BB:9D:12:93,-46
BLE,1657198850177751708,DF:A6:DC:DC:2E:81,-53
BLE,1657198850184000189,C0:F8:BB:9D:12:93,-52
BLE,1657198850235890717,C0:F8:BB:9D:12:93,-48
BLE,1657198850254993010,3F:F2:AA:87:D5:AE,-32
BLE,1657198850284576587,DF:A6:DC:DC:2E:81,-60
BLE,1657198850310895563,08:2A:D5:C8:79:AF,-67
BLE,1657198850316552490,57:4E:D8:3C:E4:09,-79
BLE,1657198850334910453,C0:F8:BB:9D:12:93,-50
BLE,1657198850350245388,41:6E:1F:34:B3:B5,-83
BLE,1657198850359819081,3F:F2:AA:87:D5:AE,-34
BLE,1657198850391575744,DF:A6:DC:DC:2E:81,-58
BLE,1657198850486121568,C0:F8:BB:9D:12:93,-54
BLE,1657198850500013823,5A:C7:B6:04:72:57,-81
BLE,1657198850560416732,41:6E:1F:34:B3:B5,-75
BLE,1657198850584882510,C0:F8:BB:9D:12:93,-51
BLE,1657198850603814526,DF:A6:DC:DC:2E:81,-53
BLE,1657198850615706898,08:2A:D5:C8:79:AF,-62
BLE,1657198850635397134,C0:F8:BB:9D:12:93,-52
BLE,1657198850679984147,3F:F2:AA:87:D5:AE,-32
BLE,1657198850686148332,C0:F8:BB:9D:12:93,-54
BLE,1657198850713256805,DF:A6:DC:DC:2E:81,-59
BLE,1657198850785856974,C0:F8:BB:9D:12:93,-51
BLE,1657198850811337711,08:2A:D5:C8:79:AF,-66
BLE,1657198850823370656,DF:A6:DC:DC:2E:81,-60
BLE,1657198850884053417,3F:F2:AA:87:D5:AE,-32
BLE,1657198850885733560,C0:F8:BB:9D:12:93,-52
BLE,1657198850908833527,08:2A:D5:C8:79:AF,-60
BLE,1657198850925873993,DF:A6:DC:DC:2E:81,-57
BLE,1657198850935137114,C0:F8:BB:9D:12:93,-52
BLE,1657198850985410776,3F:F2:AA:87:D5:AE,-34
BLE,1657198851008426484,08:2A:D5:C8:79:AF,-66
BLE,1657198851027684370,DF:A6:DC:DC:2E:81,-60
BLE,1657198851033973499,C0:F8:BB:9D:12:93,-51
BLE,1657198851084195384,C0:F8:BB:9D:12:93,-52
BLE,1657198851092268249,3F:F2:AA:87:D5:AE,-30
BLE,1657198851113843665,08:2A:D5:C8:79:AF,-60
BLE,1657198851117182433,77:A6:A8:AE:B8:11,-81
BLE,1657198851125959739,DF:A6:DC:DC:2E:81,-54
BLE,1657198851135447877,C0:F8:BB:9D:12:93,-54
BLE,1657198851186394797,C0:F8:BB:9D:12:93,-54
BLE,1657198851191124079,3F:F2:AA:87:D5:AE,-34
BLE,1657198851215078470,08:2A:D5:C8:79:AF,-66
BLE,1657198851228639040,DF:A6:DC:DC:2E:81,-60
BLE,1657198851236134258,C0:F8:BB:9D:12:93,-51
BLE,1657198851284645685,C0:F8:BB:9D:12:93,-51
BLE,1657198851297243870,3F:F2:AA:87:D5:AE,-30
BLE,1657198851319662394,08:2A:D5:C8:79:AF,-62
BLE,1657198851334401294,DF:A6:DC:DC:2E:81,-57
BLE,1657198851336544010,C0:F8:BB:9D:12:93,-52
BLE,1657198851386295971,C0:F8:BB:9D:12:93,-53
BLE,1657198851400306688,3F:F2:AA:87:D5:AE,-32
BLE,1657198851433137848,5A:C7:B6:04:72:57,-86
BLE,1657198851440107604,DF:A6:DC:DC:2E:81,-54
BLE,1657198851484541285,C0:F8:BB:9D:12:93,-50
BLE,1657198851502958562,3F:F2:AA:87:D5:AE,-29
BLE,1657198851536535331,C0:F8:BB:9D:12:93,-52
BLE,1657198851583845577,C0:F8:BB:9D:12:93,-52
BLE,1657198851603538888,3F:F2:AA:87:D5:AE,-32
BLE,1657198851627178576,08:2A:D5:C8:79:AF,-62
BLE,1657198851635647717,C0:F8:BB:9D:12:93,-53
BLE,1657198851650000840,DF:A6:DC:DC:2E:81,-57
BLE,1657198851683203777,C0:F8:BB:9D:12:93,-50
BLE,1657198851707435740,3F:F2:AA:87:D5:AE,-34
BLE,1657198851733840809,C0:F8:BB:9D:12:93,-51
BLE,1657198851752562030,DF:A6:DC:DC:2E:81,-54
BLE,1657198851784986358,C0:F8:BB:9D:12:93,-52
BLE,1657198851834713652,08:2A:D5:C8:79:AF,-61
BLE,1657198851886170811,C0:F8:BB:9D:12:93,-51
BLE,1657198851916653719,41:6E:1F:34:B3:B5,-81
BLE,1657198851923500809,3F:F2:AA:87:D5:AE,-30
BLE,1657198851936282826,C0:F8:BB:9D:12:93,-52
BLE,1657198851972070329,DF:A6:DC:DC:2E:81,-61
BLE,1657198851987393875,C0:F8:BB:9D:12:93,-52
BLE,1657198852031074558,3F:F2:AA:87:D5:AE,-32
BLE,1657198852036948003,C0:F8:BB:9D:12:93,-53
BLE,1657198852076204848,DF:A6:DC:DC:2E:81,-57
BLE,1657198852086889594,C0:F8:BB:9D:12:93,-54
BLE,1657198852136165649,C0:F8:BB:9D:12:93,-50
BLE,1657198852138236124,08:2A:D5:C8:79:AF,-67
BLE,1657198852181319087,DF:A6:DC:DC:2E:81,-50
BLE,1657198852186053609,C0:F8:BB:9D:12:93,-52
BLE,1657198852233593596,3F:F2:AA:87:D5:AE,-32
BLE,1657198852235789237,C0:F8:BB:9D:12:93,-52
BLE,1657198852242370292,08:2A:D5:C8:79:AF,-61
BLE,1657198852286400455,C0:F8:BB:9D:12:93,-54
BLE,1657198852337940892,3F:F2:AA:87:D5:AE,-34
BLE,1657198852340035108,08:2A:D5:C8:79:AF,-66
BLE,1657198852383678032,C0:F8:BB:9D:12:93,-50
BLE,1657198852386588949,DF:A6:DC:DC:2E:81,-50
BLE,1657198852433259290,2E:CB:29:75:1D:1B,-84
BLE,1657198852435031544,C0:F8:BB:9D:12:93,-52
BLE,1657198852442704114,08:2A:D5:C8:79:AF,-61
BLE,1657198852484129433,C0:F8:BB:9D:12:93,-52
BLE,1657198852547260299,08:2A:D5:C8:79:AF,-61
BLE,1657198852583550171,5A:C7:B6:04:72:57,-76
BLE,1657198852584906167,C0:F8:BB:9D:12:93,-50
BLE,1657198852598142108,DF:A6:DC:DC:2E:81,-61
BLE,1657198852636233197,C0:F8:BB:9D:12:93,-52
BLE,1657198852652235204,08:2A:D5:C8:79:AF,-67
BLE,1657198852654944455,3F:F2:AA:87:D5:AE,-34
BLE,1657198852684734940,C0:F8:BB:9D:12:93,-52
BLE,1657198852707013373,DF:A6:DC:DC:2E:81,-57
BLE,1657198852735975730,C0:F8:BB:9D:12:93,-53
BLE,1657198852756531501,3F:F2:AA:87:D5:AE,-30
BLE,1657198852809842970,77:A6:A8:AE:B8:11,-72
BLE,1657198852834354952,C0:F8:BB:9D:12:93,-50
BLE,1657198852857436938,3F:F2:AA:87:D5:AE,-34
BLE,1657198852886615702,C0:F8:BB:9D:12:93,-52
BLE,1657198852916431612,DF:A6:DC:DC:2E:81,-60
BLE,1657198852933683671,C0:F8:BB:9D:12:93,-52
BLE,1657198852958875095,08:2A:D5:C8:79:AF,-62
BLE,1657198853033383889,C0:F8:BB:9D:12:93,-50
BLE,1657198853056679393,41:6E:1F:34:B3:B5,-75
BLE,1657198853084451532,C0:F8:BB:9D:12:93,-50
BLE,1657198853137031855,C0:F8:BB:9D:12:93,-51
BLE,1657198853149932520,2E:CB:29:75:1D:1B,-81
BLE,1657198853176678144,3F:F2:AA:87:D5:AE,-31
BLE,1657198853184566509,C0:F8:BB:9D:12:93,-52
BLE,1657198853213940217,5A:C7:B6:04:72:57,-74
BLE,1657198853223377281,DF:A6:DC:DC:2E:81,-56
BLE,1657198853235605763,C0:F8:BB:9D:12:93,-50
BLE,1657198853281864605,3F:F2:AA:87:D5:AE,-34
BLE,1657198853283181657,C0:F8:BB:9D:12:93,-50
BLE,1657198853334946446,C0:F8:BB:9D:12:93,-50
BLE,1657198853358378357,08:2A:D5:C8:79:AF,-61
BLE,1657198853382318507,3F:F2:AA:87:D5:AE,-32
BLE,1657198853387635417,C0:F8:BB:9D:12:93,-52
BLE,1657198853420250356,5A:C7:B6:04:72:57,-77
BLE,1657198853425800525,DF:A6:DC:DC:2E:81,-57
BLE,1657198853449968341,77:A6:A8:AE:B8:11,-79
BLE,1657198853484967995,3F:F2:AA:87:D5:AE,-34
BLE,1657198853528736623,DF:A6:DC:DC:2E:81,-53
BLE,1657198853537191320,C0:F8:BB:9D:12:93,-50
BLE,1657198853585390897,C0:F8:BB:9D:12:93,-49
BLE,1657198853588928553,3F:F2:AA:87:D5:AE,-30
BLE,1657198853634535379,DF:A6:DC:DC:2E:81,-61
BLE,1657198853637876054,C0:F8:BB:9D:12:93,-52
BLE,1657198853661384373,08:2A:D5:C8:79:AF,-61
BLE,1657198853691181839,3F:F2:AA:87:D5:AE,-34
BLE,1657198853732851454,DF:A6:DC:DC:2E:81,-54
BLE,1657198853734826726,C0:F8:BB:9D:12:93,-50
BLE,1657198853786420553,C0:F8:BB:9D:12:93,-51
BLE,1657198853794808453,3F:F2:AA:87:D5:AE,-30
BLE,1657198853837506381,C0:F8:BB:9D:12:93,-52
BLE,1657198853839776003,DF:A6:DC:DC:2E:81,-61
BLE,1657198853884998164,C0:F8:BB:9D:12:93,-52
BLE,1657198853897816736,3F:F2:AA:87:D5:AE,-31
BLE,1657198853936223640,C0:F8:BB:9D:12:93,-50
BLE,1657198853967188454,08:2A:D5:C8:79:AF,-61
BLE,1657198854000482632,3F:F2:AA:87:D5:AE,-33
BLE,1657198854041715767,DF:A6:DC:DC:2E:81,-62
BLE,1657198854065091142,08:2A:D5:C8:79:AF,-60
BLE,1657198854108595123,3F:F2:AA:87:D5:AE,-30
BLE,1657198854135734671,C0:F8:BB:9D:12:93,-35
BLE,1657198854141645561,DF:A6:DC:DC:2E:81,-54
BLE,1657198854163263681,08:2A:D5:C8:79:AF,-64
BLE,1657198854184474821,C0:F8:BB:9D:12:93,-50
BLE,1657198854208625675,3F:F2:AA:87:D5:AE,-33
BLE,1657198854236406259,C0:F8:BB:9D:12:93,-51
BLE,1657198854354781793,DF:A6:DC:DC:2E:81,-61
BLE,1657198854366341703,08:2A:D5:C8:79:AF,-64
BLE,1657198854385058017,C0:F8:BB:9D:12:93,-50
BLE,1657198854436640900,C0:F8:BB:9D:12:93,-53
BLE,1657198854461680195,DF:A6:DC:DC:2E:81,-58
BLE,1657198854488605540,C0:F8:BB:9D:12:93,-52
BLE,1657198854538181188,C0:F8:BB:9D:12:93,-52
BLE,1657198854565873642,08:2A:D5:C8:79:AF,-64
BLE,1657198854634251938,C0:F8:BB:9D:12:93,-50
BLE,1657198854663392424,08:2A:D5:C8:79:AF,-60
BLE,1657198854684491509,C0:F8:BB:9D:12:93,-52
BLE,1657198854736525335,3F:F2:AA:87:D5:AE,-30
BLE,1657198854768111500,08:2A:D5:C8:79:AF,-64
BLE,1657198854778121710,DF:A6:DC:DC:2E:81,-58
BLE,1657198854785693910,C0:F8:BB:9D:12:93,-53
BLE,1657198854833248934,C0:F8:BB:9D:12:93,-47
BLE,1657198854841607909,3F:F2:AA:87:D5:AE,-32
BLE,1657198854870845155,08:2A:D5:C8:79:AF,-60
BLE,1657198854905172330,5A:C7:B6:04:72:57,-75
BLE,1657198854934771982,C0:F8:BB:9D:12:93,-52
BLE,1657198854971402372,08:2A:D5:C8:79:AF,-63
BLE,1657198854985839848,C0:F8:BB:9D:12:93,-52
BLE,1657198855041178923,41:6E:1F:34:B3:B5,-72
BLE,1657198855052343445,3F:F2:AA:87:D5:AE,-30
BLE,1657198855075901449,08:2A:D5:C8:79:AF,-60
BLE,1657198855084467312,C0:F8:BB:9D:12:93,-50
BLE,1657198855095690186,DF:A6:DC:DC:2E:81,-62
BLE,1657198855135775326,C0:F8:BB:9D:12:93,-52
BLE,1657198855150486726,41:6E:1F:34:B3:B5,-59
BLE,1657198855172605419,08:2A:D5:C8:79:AF,-50
BLE,1657198855183953182,C0:F8:BB:9D:12:93,-36
BLE,1657198855194143392,DF:A6:DC:DC:2E:81,-36
BLE,1657198855236275155,C0:F8:BB:9D:12:93,-36
BLE,1657198855258554904,3F:F2:AA:87:D5:AE,-30
BLE,1657198855286533209,C0:F8:BB:9D:12:93,-35
BLE,1657198855368416298,08:2A:D5:C8:79:AF,-60
BLE,1657198855383019421,FF:BB:14:BB:11:BF,-62
BLE,1657198855412629796,DF:A6:DC:DC:2E:81,-45
BLE,1657198855436760612,C0:F8:BB:9D:12:93,-36
BLE,1657198855463893513,08:2A:D5:C8:79:AF,-50
BLE,1657198855486254298,C0:F8:BB:9D:12:93,-33
BLE,1657198855511036335,DF:A6:DC:DC:2E:81,-37
BLE,1657198855533616749,C0:F8:BB:9D:12:93,-35
BLE,1657198855585395132,C0:F8:BB:9D:12:93,-34
BLE,1657198855615760930,DF:A6:DC:DC:2E:81,-45
BLE,1657198855633761284,C0:F8:BB:9D:12:93,-36
BLE,1657198855671746355,08:2A:D5:C8:79:AF,-49
BLE,1657198855685516055,C0:F8:BB:9D:12:93,-35
BLE,1657198855715869076,DF:A6:DC:DC:2E:81,-38
BLE,1657198855736338181,C0:F8:BB:9D:12:93,-34
BLE,1657198855773987124,08:2A:D5:C8:79:AF,-44
BLE,1657198855783772540,41:6E:1F:34:B3:B5,-59
BLE,1657198855787022104,C0:F8:BB:9D:12:93,-34
BLE,1657198855821508075,DF:A6:DC:DC:2E:81,-45
BLE,1657198855835554441,C0:F8:BB:9D:12:93,-35
BLE,1657198855873308495,08:2A:D5:C8:79:AF,-50
BLE,1657198855887386915,C0:F8:BB:9D:12:93,-36
BLE,1657198855978332792,08:2A:D5:C8:79:AF,-45
BLE,1657198855982443150,3F:F2:AA:87:D5:AE,-27
BLE,1657198855985786640,C0:F8:BB:9D:12:93,-50
BLE,1657198856030321563,DF:A6:DC:DC:2E:81,-36
BLE,1657198856033765386,C0:F8:BB:9D:12:93,-35
BLE,1657198856082206686,08:2A:D5:C8:79:AF,-45
BLE,1657198856136493895,DF:A6:DC:DC:2E:81,-62
BLE,1657198856183338978,C0:F8:BB:9D:12:93,-34
BLE,1657198856237337225,C0:F8:BB:9D:12:93,-53
BLE,1657198856243805409,DF:A6:DC:DC:2E:81,-63
BLE,1657198856266604212,F7:AB:F2:58:90:08,-86
BLE,1657198856337617001,C0:F8:BB:9D:12:93,-35
BLE,1657198856344966479,DF:A6:DC:DC:2E:81,-36
BLE,1657198856433036846,C0:F8:BB:9D:12:93,-35
BLE,1657198856448248486,DF:A6:DC:DC:2E:81,-62
BLE,1657198856486041800,C0:F8:BB:9D:12:93,-54
BLE,1657198856536591520,C0:F8:BB:9D:12:93,-54
BLE,1657198856551331883,DF:A6:DC:DC:2E:81,-58
BLE,1657198856620534696,3F:F2:AA:87:D5:AE,-32
BLE,1657198856633941508,C0:F8:BB:9D:12:93,-51
BLE,1657198856657429530,DF:A6:DC:DC:2E:81,-54
BLE,1657198856723830036,3F:F2:AA:87:D5:AE,-34
BLE,1657198856736352444,C0:F8:BB:9D:12:93,-53
BLE,1657198856766074244,DF:A6:DC:DC:2E:81,-45
BLE,1657198856785957685,08:2A:D5:C8:79:AF,-44
BLE,1657198856787059774,C0:F8:BB:9D:12:93,-35
BLE,1657198856832378288,3F:F2:AA:87:D5:AE,-30
BLE,1657198856883730209,C0:F8:BB:9D:12:93,-51
BLE,1657198856937126309,C0:F8:BB:9D:12:93,-36
BLE,1657198856975775583,DF:A6:DC:DC:2E:81,-54
BLE,1657198856987731510,C0:F8:BB:9D:12:93,-53
BLE,1657198856994082492,08:2A:D5:C8:79:AF,-67
BLE,1657198857036109293,C0:F8:BB:9D:12:93,-53
BLE,1657198857083848003,C0:F8:BB:9D:12:93,-50
BLE,1657198857100098455,08:2A:D5:C8:79:AF,-45
BLE,1657198857135791719,C0:F8:BB:9D:12:93,-52
BLE,1657198857185678756,C0:F8:BB:9D:12:93,-53
BLE,1657198857222686721,5A:C7:B6:04:72:57,-63
BLE,1657198857235356535,C0:F8:BB:9D:12:93,-35
BLE,1657198857245535560,3F:F2:AA:87:D5:AE,-27
BLE,1657198857298225145,DF:A6:DC:DC:2E:81,-58
BLE,1657198857303803202,08:2A:D5:C8:79:AF,-62
BLE,1657198857334478371,C0:F8:BB:9D:12:93,-52
BLE,1657198857350196861,3F:F2:AA:87:D5:AE,-30
BLE,1657198857385049202,C0:F8:BB:9D:12:93,-52
BLE,1657198857403244018,DF:A6:DC:DC:2E:81,-37
BLE,1657198857408404596,08:2A:D5:C8:79:AF,-46
BLE,1657198857436025829,C0:F8:BB:9D:12:93,-54
BLE,1657198857451136450,3F:F2:AA:87:D5:AE,-33
BLE,1657198857484768980,C0:F8:BB:9D:12:93,-54
BLE,1657198857507512876,DF:A6:DC:DC:2E:81,-62
BLE,1657198857535079072,C0:F8:BB:9D:12:93,-51
BLE,1657198857553499554,3F:F2:AA:87:D5:AE,-30
BLE,1657198857586593697,C0:F8:BB:9D:12:93,-33
BLE,1657198857604635291,08:2A:D5:C8:79:AF,-50
BLE,1657198857613504432,DF:A6:DC:DC:2E:81,-58
BLE,1657198857634584665,C0:F8:BB:9D:12:93,-53
BLE,1657198857659230315,3F:F2:AA:87:D5:AE,-33
BLE,1657198857685054664,C0:F8:BB:9D:12:93,-54
BLE,1657198857707639301,08:2A:D5:C8:79:AF,-62
BLE,1657198857720691429,DF:A6:DC:DC:2E:81,-58
BLE,1657198857764403984,3F:F2:AA:87:D5:AE,-30
BLE,1657198857784733924,C0:F8:BB:9D:12:93,-51
BLE,1657198857807699430,08:2A:D5:C8:79:AF,-66
BLE,1657198857823293865,DF:A6:DC:DC:2E:81,-62
BLE,1657198857834286536,C0:F8:BB:9D:12:93,-53
BLE,1657198857850254507,5A:C7:B6:04:72:57,-78
BLE,1657198857873863456,3F:F2:AA:87:D5:AE,-34
BLE,1657198857883999574,C0:F8:BB:9D:12:93,-53
BLE,1657198857911419585,08:2A:D5:C8:79:AF,-44
BLE,1657198857925860042,DF:A6:DC:DC:2E:81,-42
BLE,1657198857935001293,C0:F8:BB:9D:12:93,-35
BLE,1657198857981096156,3F:F2:AA:87:D5:AE,-30
BLE,1657198858011553121,08:2A:D5:C8:79:AF,-67
BLE,1657198858032582226,DF:A6:DC:DC:2E:81,-53
BLE,1657198858035855568,C0:F8:BB:9D:12:93,-53
BLE,1657198858085002793,C0:F8:BB:9D:12:93,-53
BLE,1657198858112773507,08:2A:D5:C8:79:AF,-44
BLE,1657198858135179774,C0:F8:BB:9D:12:93,-53
BLE,1657198858186251586,C0:F8:BB:9D:12:93,-52
BLE,1657198858194965783,3F:F2:AA:87:D5:AE,-33
BLE,1657198858234632314,C0:F8:BB:9D:12:93,-51
BLE,1657198858241757589,DF:A6:DC:DC:2E:81,-57
BLE,1657198858286159476,C0:F8:BB:9D:12:93,-35
BLE,1657198858337507861,C0:F8:BB:9D:12:93,-53
BLE,1657198858347693979,DF:A6:DC:DC:2E:81,-54
BLE,1657198858399956825,3F:F2:AA:87:D5:AE,-33
BLE,1657198858427215263,08:2A:D5:C8:79:AF,-63
BLE,1657198858434697555,C0:F8:BB:9D:12:93,-51
BLE,1657198858486165533,C0:F8:BB:9D:12:93,-52
BLE,1657198858501978060,3F:F2:AA:87:D5:AE,-34
BLE,1657198858535298628,C0:F8:BB:9D:12:93,-53
BLE,1657198858557544914,DF:A6:DC:DC:2E:81,-58
BLE,1657198858586125367,C0:F8:BB:9D:12:93,-53
BLE,1657198858617543700,41:6E:1F:34:B3:B5,-60
BLE,1657198858636409125,C0:F8:BB:9D:12:93,-33
BLE,1657198858661699439,DF:A6:DC:DC:2E:81,-52
BLE,1657198858684005411,C0:F8:BB:9D:12:93,-51
BLE,1657198858718687771,3F:F2:AA:87:D5:AE,-30
BLE,1657198858769090881,DF:A6:DC:DC:2E:81,-62
BLE,1657198858787477586,C0:F8:BB:9D:12:93,-36
BLE,1657198858836563719,C0:F8:BB:9D:12:93,-52
BLE,1657198858838836267,08:2A:D5:C8:79:AF,-66
BLE,1657198858886700885,C0:F8:BB:9D:12:93,-51
BLE,1657198858929520981,3F:F2:AA:87:D5:AE,-34
BLE,1657198858936761033,C0:F8:BB:9D:12:93,-53
BLE,1657198858981754474,DF:A6:DC:DC:2E:81,-42
BLE,1657198858984801021,C0:F8:BB:9D:12:93,-35
BLE,1657198859023095315,41:6E:1F:34:B3:B5,-58
BLE,1657198859036111758,C0:F8:BB:9D:12:93,-36
BLE,1657198859083269545,DF:A6:DC:DC:2E:81,-45
BLE,1657198859135285021,C0:F8:BB:9D:12:93,-34
BLE,1657198859148942759,08:2A:D5:C8:79:AF,-44
BLE,1657198859185202282,C0:F8:BB:9D:12:93,-35
BLE,1657198859234623951,C0:F8:BB:9D:12:93,-34
BLE,1657198859284668322,C0:F8:BB:9D:12:93,-35
BLE,1657198859293247426,DF:A6:DC:DC:2E:81,-36
BLE,1657198859335119655,C0:F8:BB:9D:12:93,-34
BLE,1657198859402378475,DF:A6:DC:DC:2E:81,-36
BLE,1657198859461367079,08:2A:D5:C8:79:AF,-44
BLE,1657198859487587557,C0:F8:BB:9D:12:93,-35
BLE,1657198859506881593,DF:A6:DC:DC:2E:81,-45
BLE,1657198859558905865,08:2A:D5:C8:79:AF,-50
BLE,1657198859583737810,57:4E:D8:3C:E4:09,-68
BLE,1657198859586013785,C0:F8:BB:9D:12:93,-34
BLE,1657198859614168091,DF:A6:DC:DC:2E:81,-42
BLE,1657198859636437562,C0:F8:BB:9D:12:93,-35
BLE,1657198859687331931,C0:F8:BB:9D:12:93,-36
BLE,1657198859723712342,DF:A6:DC:DC:2E:81,-42
BLE,1657198859735522344,C0:F8:BB:9D:12:93,-35
BLE,1657198859784915199,C0:F8:BB:9D:12:93,-34
BLE,1657198859834638682,C0:F8:BB:9D:12:93,-33
BLE,1657198859855153566,08:2A:D5:C8:79:AF,-61
BLE,1657198859876946761,3F:F2:AA:87:D5:AE,-27
BLE,1657198859884805478,C0:F8:BB:9D:12:93,-35
BLE,1657198859934073815,DF:A6:DC:DC:2E:81,-45
BLE,1657198859983650224,3F:F2:AA:87:D5:AE,-27
BLE,1657198859985734144,C0:F8:BB:9D:12:93,-26
BLE,1657198860032709616,C0:F8:BB:9D:12:93,-35